"97";"4";"80";"0";"15";"1.0000"
"98";"4";"75";"0";"15";"25.9500"
"99";"4";"76";"0";"15";NULL
"100";"4";"120";"0";"15";NULL
"101";"4";"80";"0";"16";"2.0000"
"102";"4";"75";"0";"16";"11.9500"
"103";"4";"76";"0";"16";NULL
"104";"4";"120";"0";"16";NULL
"105";"4";"80";"0";"17";"1.0000"
"106";"4";"75";"0";"17";"26.9500"
"107";"4";"76";"0";"17";NULL
"108";"4";"120";"0";"17";NULL
"128";"4";"80";"0";"26";"1.0000"
"129";"4";"75";"0";"26";"32.0000"
"130";"4";"76";"0";"26";NULL
"131";"4";"120";"0";"26";NULL
"136";"4";"80";"0";"28";"1.5000"
"137";"4";"75";"0";"28";"59.9500"
"138";"4";"76";"0";"28";NULL
"139";"4";"120";"0";"28";NULL
"140";"4";"75";"0";"29";"5.0000"
"141";"4";"76";"0";"29";NULL
"142";"4";"120";"0";"29";NULL
"143";"4";"76";"0";"30";NULL
"148";"4";"80";"0";"32";"1.0000"
"149";"4";"75";"0";"32";"57.0000"
"150";"4";"76";"0";"32";NULL
"151";"4";"120";"0";"32";NULL
"164";"4";"80";"0";"36";"1.0000"
"165";"4";"75";"0";"36";"26.0000"
"166";"4";"76";"0";"36";NULL
"167";"4";"120";"0";"36";NULL
"168";"4";"80";"0";"37";"1.0000"
"169";"4";"75";"0";"37";"57.0000"
"170";"4";"76";"0";"37";NULL
"171";"4";"120";"0";"37";NULL
"176";"4";"80";"0";"39";"0.5000"
"177";"4";"75";"0";"39";"11.9500"
"178";"4";"76";"0";"39";NULL
"179";"4";"120";"0";"39";NULL
"184";"4";"80";"0";"41";"1.0000"
"185";"4";"75";"0";"41";"30.0000"
"186";"4";"76";"0";"41";NULL
"187";"4";"120";"0";"41";NULL
"188";"4";"80";"0";"42";"0.5000"
"189";"4";"75";"0";"42";"13.9500"
"190";"4";"76";"0";"42";NULL
"191";"4";"120";"0";"42";NULL
"192";"4";"80";"0";"43";"1.0000"
"193";"4";"75";"0";"43";"44.9500"
"194";"4";"76";"0";"43";NULL
"195";"4";"120";"0";"43";NULL
"196";"4";"80";"0";"44";"1.0000"
"197";"4";"75";"0";"44";"25.0000"
"198";"4";"76";"0";"44";NULL
"199";"4";"120";"0";"44";NULL
"200";"4";"80";"0";"45";"0.5000"
"201";"4";"75";"0";"45";"13.9500"
"202";"4";"76";"0";"45";NULL
"203";"4";"120";"0";"45";NULL
"204";"4";"80";"0";"46";"0.3000"
"205";"4";"75";"0";"46";"71.9500"
"206";"4";"76";"0";"46";NULL
"207";"4";"120";"0";"46";NULL
"208";"4";"80";"0";"47";"1.0000"
"209";"4";"75";"0";"47";"9.9500"
"210";"4";"76";"0";"47";NULL
"211";"4";"120";"0";"47";NULL
"212";"4";"80";"0";"48";"1.0000"
"213";"4";"75";"0";"48";"16.5000"
"214";"4";"76";"0";"48";NULL
"215";"4";"120";"0";"48";NULL
"220";"4";"80";"0";"50";"1.0000"
"221";"4";"75";"0";"50";"29.9500"
"222";"4";"76";"0";"50";NULL
"223";"4";"120";"0";"50";NULL
"224";"4";"80";"0";"51";"0.5000"
"225";"4";"75";"0";"51";"9.9500"
"226";"4";"76";"0";"51";NULL
"227";"4";"120";"0";"51";NULL
"228";"4";"80";"0";"52";"1.0000"
"229";"4";"75";"0";"52";"31.0000"
"230";"4";"76";"0";"52";NULL
"231";"4";"120";"0";"52";NULL
"232";"4";"80";"0";"53";"1.0000"
"233";"4";"75";"0";"53";"26.0000"
"234";"4";"76";"0";"53";NULL
"235";"4";"120";"0";"53";NULL
"236";"4";"80";"0";"54";"1.0000"
"237";"4";"75";"0";"54";"24.0000"
"238";"4";"76";"0";"54";NULL
"239";"4";"120";"0";"54";NULL
"240";"4";"80";"0";"55";"1.0000"
"241";"4";"75";"0";"55";"24.0000"
"242";"4";"76";"0";"55";NULL
"243";"4";"120";"0";"55";NULL
"244";"4";"80";"0";"56";"1.0000"
"245";"4";"75";"0";"56";"28.0000"
"246";"4";"76";"0";"56";NULL
"247";"4";"120";"0";"56";NULL
"248";"4";"80";"0";"57";"1.0000"
"249";"4";"75";"0";"57";"32.0000"
"250";"4";"76";"0";"57";NULL
"251";"4";"120";"0";"57";NULL
"252";"4";"80";"0";"58";"1.0000"
"253";"4";"75";"0";"58";"24.0000"
"254";"4";"76";"0";"58";NULL
"255";"4";"120";"0";"58";NULL
"256";"4";"80";"0";"59";"1.0000"
"257";"4";"75";"0";"59";"32.0000"
"258";"4";"76";"0";"59";NULL
"259";"4";"120";"0";"59";NULL
"260";"4";"80";"0";"60";"1.0000"
"261";"4";"75";"0";"60";"72.5000"
"262";"4";"76";"0";"60";NULL
"263";"4";"120";"0";"60";NULL
"264";"4";"80";"0";"61";"1.5000"
"265";"4";"75";"0";"61";"107.5000"
"266";"4";"76";"0";"61";NULL
"267";"4";"120";"0";"61";NULL
"268";"4";"80";"0";"62";"1.0000"
"269";"4";"75";"0";"62";"56.4500"
"270";"4";"76";"0";"62";NULL
"271";"4";"120";"0";"62";NULL
"272";"4";"80";"0";"63";"1.5000"
"273";"4";"75";"0";"63";"58.5000"
"274";"4";"76";"0";"63";NULL
"275";"4";"120";"0";"63";NULL
"276";"4";"80";"0";"64";"1.5000"
"277";"4";"75";"0";"64";"90.9500"
"278";"4";"76";"0";"64";NULL
"279";"4";"120";"0";"64";NULL
"280";"4";"80";"0";"65";"1.0000"
"281";"4";"75";"0";"65";"83.9500"
"282";"4";"76";"0";"65";NULL
"283";"4";"120";"0";"65";NULL
"284";"4";"80";"0";"66";"1.0000"
"285";"4";"75";"0";"66";"80.0000"
"286";"4";"76";"0";"66";NULL
"287";"4";"120";"0";"66";NULL
"288";"4";"80";"0";"67";"1.5000"
"289";"4";"75";"0";"67";"104.5000"
"290";"4";"76";"0";"67";NULL
"291";"4";"120";"0";"67";NULL
"292";"4";"80";"0";"68";"1.0000"
"293";"4";"75";"0";"68";"86.9500"
"294";"4";"76";"0";"68";NULL
"295";"4";"120";"0";"68";NULL
"296";"4";"80";"0";"69";"1.0000"
"297";"4";"75";"0";"69";"91.5000"
"298";"4";"76";"0";"69";NULL
"299";"4";"120";"0";"69";NULL
"300";"4";"80";"0";"70";"1.0000"
"301";"4";"75";"0";"70";"30.0000"
"302";"4";"76";"0";"70";NULL
"303";"4";"120";"0";"70";NULL
"304";"4";"80";"0";"71";"1.0000"
"305";"4";"75";"0";"71";"9.0000"
"306";"4";"76";"0";"71";NULL
"307";"4";"120";"0";"71";NULL
"308";"4";"80";"0";"72";"1.0000"
"309";"4";"75";"0";"72";"8.0500"
"310";"4";"76";"0";"72";NULL
"311";"4";"120";"0";"72";NULL
"312";"4";"80";"0";"73";"1.0000"
"313";"4";"75";"0";"73";"8.0500"
"314";"4";"76";"0";"73";NULL
"315";"4";"120";"0";"73";NULL
"316";"4";"80";"0";"74";"0.8000"
"317";"4";"75";"0";"74";"19.9500"
"318";"4";"76";"0";"74";NULL
"319";"4";"120";"0";"74";NULL
"320";"4";"80";"0";"75";"1.0000"
"321";"4";"75";"0";"75";"29.9500"
"322";"4";"76";"0";"75";NULL
"323";"4";"120";"0";"75";NULL
"324";"4";"80";"0";"76";"1.0000"
"325";"4";"75";"0";"76";"51.9500"
"326";"4";"76";"0";"76";NULL
"327";"4";"120";"0";"76";NULL
"328";"4";"80";"0";"77";"1.0000"
"329";"4";"75";"0";"77";"39.4500"
"330";"4";"76";"0";"77";NULL
"331";"4";"120";"0";"77";NULL
"332";"4";"80";"0";"78";"1.0000"
"333";"4";"75";"0";"78";"49.9500"
"334";"4";"76";"0";"78";NULL
"335";"4";"120";"0";"78";NULL
"336";"4";"80";"0";"79";"1.0000"
"337";"4";"75";"0";"79";"31.9500"
"338";"4";"76";"0";"79";NULL
"339";"4";"120";"0";"79";NULL
"340";"4";"80";"0";"80";"1.0000"
"341";"4";"75";"0";"80";"37.9500"
"342";"4";"76";"0";"80";NULL
"343";"4";"120";"0";"80";NULL
"344";"4";"80";"0";"81";"1.0000"
"345";"4";"75";"0";"81";"39.9500"
"346";"4";"76";"0";"81";NULL
"347";"4";"120";"0";"81";NULL
"348";"4";"80";"0";"82";"1.0000"
"349";"4";"75";"0";"82";"31.9500"
"350";"4";"76";"0";"82";NULL
"351";"4";"120";"0";"82";NULL
"352";"4";"80";"0";"83";"1.0000"
"353";"4";"75";"0";"83";"31.9500"
"354";"4";"76";"0";"83";NULL
"355";"4";"120";"0";"83";NULL
"356";"4";"80";"0";"84";"1.0000"
"357";"4";"75";"0";"84";"36.9500"
"358";"4";"76";"0";"84";NULL
"359";"4";"120";"0";"84";NULL
"360";"4";"80";"0";"85";"1.0000"
"361";"4";"75";"0";"85";"15.9500"
"362";"4";"76";"0";"85";NULL
"363";"4";"120";"0";"85";NULL
"364";"4";"80";"0";"86";"1.0000"
"365";"4";"75";"0";"86";"17.9500"
"366";"4";"76";"0";"86";NULL
"367";"4";"120";"0";"86";NULL
"368";"4";"80";"0";"87";"1.0000"
"369";"4";"75";"0";"87";"21.9500"
"370";"4";"76";"0";"87";NULL
"371";"4";"120";"0";"87";NULL
"372";"4";"80";"0";"88";"1.0000"
"373";"4";"75";"0";"88";"13.9500"
"374";"4";"76";"0";"88";NULL
"375";"4";"120";"0";"88";NULL
"376";"4";"80";"0";"89";"1.0000"
"377";"4";"75";"0";"89";"34.9500"
"378";"4";"76";"0";"89";NULL
"379";"4";"120";"0";"89";NULL
"380";"4";"80";"0";"90";"1.0000"
"381";"4";"75";"0";"90";"33.9500"
"382";"4";"76";"0";"90";NULL
"383";"4";"120";"0";"90";NULL
"384";"4";"80";"0";"91";"1.0000"
"385";"4";"75";"0";"91";"36.9500"
"386";"4";"76";"0";"91";NULL
"387";"4";"120";"0";"91";NULL
"388";"4";"80";"0";"92";"1.0000"
"389";"4";"75";"0";"92";"13.9500"
"390";"4";"76";"0";"92";NULL
"391";"4";"120";"0";"92";NULL
"392";"4";"80";"0";"93";"0.5000"
"393";"4";"75";"0";"93";"14.9500"
"394";"4";"76";"0";"93";NULL
"395";"4";"120";"0";"93";NULL
"396";"4";"80";"0";"94";"1.0000"
"397";"4";"75";"0";"94";"14.9500"
"398";"4";"76";"0";"94";NULL
"399";"4";"120";"0";"94";NULL
"400";"4";"80";"0";"95";"0.4000"
"401";"4";"75";"0";"95";"16.9500"
"402";"4";"76";"0";"95";NULL
"403";"4";"120";"0";"95";NULL
"404";"4";"80";"0";"96";"0.5000"
"405";"4";"75";"0";"96";"14.9500"
"406";"4";"76";"0";"96";NULL
"407";"4";"120";"0";"96";NULL
"408";"4";"80";"0";"97";"1.0000"
"409";"4";"75";"0";"97";"15.9500"
"410";"4";"76";"0";"97";NULL
"411";"4";"120";"0";"97";NULL
"412";"4";"80";"0";"98";"1.0000"
"413";"4";"75";"0";"98";"15.9500"
"414";"4";"76";"0";"98";NULL
"415";"4";"120";"0";"98";NULL
"416";"4";"80";"0";"99";"1.0000"
"417";"4";"75";"0";"99";"25.9500"
"418";"4";"76";"0";"99";NULL
"419";"4";"120";"0";"99";NULL
"420";"4";"80";"0";"100";"1.0000"
"421";"4";"75";"0";"100";"27.9500"
"422";"4";"76";"0";"100";NULL
"423";"4";"120";"0";"100";NULL
"424";"4";"80";"0";"101";"0.3500"
"425";"4";"75";"0";"101";"6.5000"
"426";"4";"76";"0";"101";NULL
"427";"4";"120";"0";"101";NULL
"428";"4";"80";"0";"102";"0.5000"
"429";"4";"75";"0";"102";"11.9500"
"430";"4";"76";"0";"102";NULL
"431";"4";"120";"0";"102";NULL
"436";"4";"80";"0";"104";"1.0000"
"437";"4";"75";"0";"104";"23.9500"
"438";"4";"76";"0";"104";NULL
"439";"4";"120";"0";"104";NULL
"440";"4";"80";"0";"105";"1.0000"
"441";"4";"75";"0";"105";"15.5000"
"442";"4";"76";"0";"105";NULL
"443";"4";"120";"0";"105";NULL
"444";"4";"80";"0";"106";"0.5000"
"445";"4";"75";"0";"106";"15.5000"
"446";"4";"76";"0";"106";NULL
"447";"4";"120";"0";"106";NULL
"448";"4";"80";"0";"107";"1.0000"
"449";"4";"75";"0";"107";"16.9500"
"450";"4";"76";"0";"107";NULL
"451";"4";"120";"0";"107";NULL
"452";"4";"80";"0";"108";"1.0000"
"453";"4";"75";"0";"108";"39.9500"
"454";"4";"76";"0";"108";NULL
"455";"4";"120";"0";"108";NULL
"456";"4";"80";"0";"109";"1.0000"
"457";"4";"75";"0";"109";"29.7100"
"458";"4";"76";"0";"109";NULL
"459";"4";"120";"0";"109";NULL
"460";"4";"80";"0";"110";"1.0000"
"461";"4";"75";"0";"110";"41.3400"
"462";"4";"76";"0";"110";NULL
"463";"4";"120";"0";"110";NULL
"464";"4";"80";"0";"111";"1.0000"
"465";"4";"75";"0";"111";"26.9500"
"466";"4";"76";"0";"111";NULL
"467";"4";"120";"0";"111";NULL
"468";"4";"80";"0";"112";"1.0000"
"469";"4";"75";"0";"112";"36.9500"
"470";"4";"76";"0";"112";NULL
"471";"4";"120";"0";"112";NULL
"472";"4";"80";"0";"113";"1.0000"
"473";"4";"75";"0";"113";"24.9500"
"474";"4";"76";"0";"113";NULL
"475";"4";"120";"0";"113";NULL
"476";"4";"80";"0";"114";"1.0000"
"477";"4";"75";"0";"114";"22.9500"
"478";"4";"76";"0";"114";NULL
"479";"4";"120";"0";"114";NULL
"480";"4";"80";"0";"115";"1.0000"
"481";"4";"75";"0";"115";"58.9000"
"482";"4";"76";"0";"115";NULL
"483";"4";"120";"0";"115";NULL
"484";"4";"80";"0";"116";"1.0000"
"485";"4";"75";"0";"116";"24.9500"
"486";"4";"76";"0";"116";NULL
"487";"4";"120";"0";"116";NULL
"488";"4";"80";"0";"117";"1.0000"
"489";"4";"75";"0";"117";"34.9500"
"490";"4";"76";"0";"117";NULL
"491";"4";"120";"0";"117";NULL
"507";"4";"80";"0";"122";"1.5000"
"508";"4";"75";"0";"122";"63.9500"
"509";"4";"76";"0";"122";NULL
"510";"4";"120";"0";"122";NULL
"511";"4";"80";"0";"123";"1.0000"
"512";"4";"75";"0";"123";"9.9500"
"513";"4";"76";"0";"123";NULL
"514";"4";"120";"0";"123";NULL
"515";"4";"80";"0";"124";"1.0000"
"516";"4";"75";"0";"124";"7.9500"
"517";"4";"76";"0";"124";NULL
"518";"4";"120";"0";"124";NULL
"519";"4";"80";"0";"125";"1.0000"
"520";"4";"75";"0";"125";"8.1000"
"521";"4";"76";"0";"125";NULL
"522";"4";"120";"0";"125";NULL
"523";"4";"80";"0";"126";"1.0000"
"524";"4";"75";"0";"126";"75.9500"
"525";"4";"76";"0";"126";NULL
"526";"4";"120";"0";"126";NULL
"535";"4";"80";"0";"129";"1.0000"
"536";"4";"75";"0";"129";"71.9500"
"537";"4";"76";"0";"129";NULL
"538";"4";"120";"0";"129";NULL
"539";"4";"80";"0";"130";"1.0000"
"540";"4";"75";"0";"130";"59.9500"
"541";"4";"76";"0";"130";NULL
"542";"4";"120";"0";"130";NULL
"547";"4";"80";"0";"132";"1.0000"
"548";"4";"75";"0";"132";"69.9500"
"549";"4";"76";"0";"132";NULL
"550";"4";"120";"0";"132";NULL
"551";"4";"80";"0";"133";"1.0000"
"552";"4";"75";"0";"133";"69.9500"
"553";"4";"76";"0";"133";NULL
"554";"4";"120";"0";"133";NULL
"555";"4";"80";"0";"134";"1.5000"
"556";"4";"75";"0";"134";"84.9500"
"557";"4";"76";"0";"134";NULL
"558";"4";"120";"0";"134";NULL
"559";"4";"80";"0";"135";"1.0000"
"560";"4";"75";"0";"135";"95.9500"
"561";"4";"76";"0";"135";NULL
"562";"4";"120";"0";"135";NULL
"575";"4";"80";"0";"139";"1.0000"
"576";"4";"75";"0";"139";"42.9500"
"577";"4";"76";"0";"139";NULL
"578";"4";"120";"0";"139";NULL
"579";"4";"80";"0";"140";"1.0000"
"580";"4";"75";"0";"140";"13.9500"
"581";"4";"76";"0";"140";NULL
"582";"4";"120";"0";"140";NULL
"583";"4";"80";"0";"141";"1.0000"
"584";"4";"75";"0";"141";"32.0000"
"585";"4";"76";"0";"141";NULL
"586";"4";"120";"0";"141";NULL
"591";"4";"80";"0";"143";"1.0000"
"592";"4";"75";"0";"143";"14.9500"
"593";"4";"76";"0";"143";NULL
"594";"4";"120";"0";"143";NULL
"595";"4";"80";"0";"144";"1.0000"
"596";"4";"75";"0";"144";"32.0000"
"597";"4";"76";"0";"144";NULL
"598";"4";"120";"0";"144";NULL
"603";"4";"80";"0";"146";"0.5000"
"604";"4";"75";"0";"146";"17.9500"
"605";"4";"76";"0";"146";NULL
"606";"4";"120";"0";"146";NULL
"607";"4";"80";"0";"147";"1.0000"
"608";"4";"75";"0";"147";"32.0000"
"609";"4";"76";"0";"147";NULL
"610";"4";"120";"0";"147";NULL
"611";"4";"80";"0";"148";"1.0000"
"612";"4";"75";"0";"148";"32.0000"
"613";"4";"76";"0";"148";NULL
"614";"4";"120";"0";"148";NULL
"615";"4";"80";"0";"149";"0.5000"
"616";"4";"75";"0";"149";"17.9500"
"617";"4";"76";"0";"149";NULL
"618";"4";"120";"0";"149";NULL
"619";"4";"80";"0";"150";"0.5000"
"620";"4";"75";"0";"150";"19.9500"
"621";"4";"76";"0";"150";NULL
"622";"4";"120";"0";"150";NULL
"623";"4";"80";"0";"151";"1.0000"
"624";"4";"75";"0";"151";"15.9500"
"625";"4";"76";"0";"151";NULL
"626";"4";"120";"0";"151";NULL
"627";"4";"80";"0";"152";"0.4000"
"628";"4";"75";"0";"152";"16.9500"
"629";"4";"76";"0";"152";NULL
"630";"4";"120";"0";"152";NULL
"631";"4";"80";"0";"153";"0.4000"
"632";"4";"75";"0";"153";"16.9500"
"633";"4";"76";"0";"153";NULL
"634";"4";"120";"0";"153";NULL
"635";"4";"80";"0";"154";"0.5000"
"636";"4";"75";"0";"154";"19.9500"
"637";"4";"76";"0";"154";NULL
"638";"4";"120";"0";"154";NULL
"639";"4";"80";"0";"155";"0.5000"
"640";"4";"75";"0";"155";"16.5000"
"641";"4";"76";"0";"155";NULL
"642";"4";"120";"0";"155";NULL
"643";"4";"80";"0";"156";"0.5000"
"644";"4";"75";"0";"156";"16.5500"
"645";"4";"76";"0";"156";NULL
"646";"4";"120";"0";"156";NULL
"647";"4";"80";"0";"157";"0.5000"
"648";"4";"75";"0";"157";"16.9500"
"649";"4";"76";"0";"157";NULL
"650";"4";"120";"0";"157";NULL
"651";"4";"80";"0";"158";"0.5000"
"652";"4";"75";"0";"158";"16.9500"
"653";"4";"76";"0";"158";NULL
"654";"4";"120";"0";"158";NULL
"655";"4";"80";"0";"159";"0.5000"
"656";"4";"75";"0";"159";"16.4500"
"657";"4";"76";"0";"159";NULL
"658";"4";"120";"0";"159";NULL
"659";"4";"80";"0";"160";"0.5000"
"660";"4";"75";"0";"160";"16.9500"
"661";"4";"76";"0";"160";NULL
"662";"4";"120";"0";"160";NULL
"663";"4";"80";"0";"161";"0.5000"
"664";"4";"75";"0";"161";"16.4500"
"665";"4";"76";"0";"161";NULL
"666";"4";"120";"0";"161";NULL
"667";"4";"80";"0";"162";"0.5000"
"668";"4";"75";"0";"162";"17.9500"
"669";"4";"76";"0";"162";NULL
"670";"4";"120";"0";"162";NULL
"671";"4";"80";"0";"163";"0.5000"
"672";"4";"75";"0";"163";"17.1500"
"673";"4";"76";"0";"163";NULL
"674";"4";"120";"0";"163";NULL
"675";"4";"80";"0";"164";"0.5000"
"676";"4";"75";"0";"164";"17.4500"
"677";"4";"76";"0";"164";NULL
"678";"4";"120";"0";"164";NULL
"679";"4";"80";"0";"165";"0.5000"
"680";"4";"75";"0";"165";"18.9500"
"681";"4";"76";"0";"165";NULL
"682";"4";"120";"0";"165";NULL
"683";"4";"80";"0";"166";"0.5000"
"684";"4";"75";"0";"166";"18.9500"
"685";"4";"76";"0";"166";NULL
"686";"4";"120";"0";"166";NULL
"707";"4";"80";"0";"172";"0.5000"
"708";"4";"75";"0";"172";"17.9500"
"709";"4";"76";"0";"172";NULL
"710";"4";"120";"0";"172";NULL
"711";"4";"80";"0";"173";"1.5000"
"712";"4";"75";"0";"173";"56.9500"
"713";"4";"76";"0";"173";NULL
"714";"4";"120";"0";"173";NULL
"715";"4";"80";"0";"174";"1.5000"
"716";"4";"75";"0";"174";"56.9500"
"717";"4";"76";"0";"174";NULL
"718";"4";"120";"0";"174";NULL
"719";"4";"80";"0";"175";"1.0000"
"720";"4";"75";"0";"175";"49.9500"
"721";"4";"76";"0";"175";NULL
"722";"4";"120";"0";"175";NULL
"723";"4";"80";"0";"176";"1.5000"
"724";"4";"75";"0";"176";"69.9500"
"725";"4";"76";"0";"176";NULL
"726";"4";"120";"0";"176";NULL
"727";"4";"80";"0";"177";"1.5000"
"728";"4";"75";"0";"177";"49.9500"
"729";"4";"76";"0";"177";"29.9500"
"730";"4";"120";"0";"177";NULL
"731";"4";"80";"0";"178";"1.5000"
"732";"4";"75";"0";"178";"79.9500"
"733";"4";"76";"0";"178";NULL
"734";"4";"120";"0";"178";NULL
"735";"4";"80";"0";"179";"1.0000"
"736";"4";"75";"0";"179";"48.9500"
"737";"4";"76";"0";"179";NULL
"738";"4";"120";"0";"179";NULL
"739";"4";"80";"0";"180";"1.0000"
"740";"4";"75";"0";"180";"46.9500"
"741";"4";"76";"0";"180";NULL
"742";"4";"120";"0";"180";NULL
"743";"4";"80";"0";"181";"1.0000"
"744";"4";"75";"0";"181";"75.9500"
"745";"4";"76";"0";"181";NULL
"746";"4";"120";"0";"181";NULL
"747";"4";"80";"0";"182";"1.0000"
"748";"4";"75";"0";"182";"49.9500"
"749";"4";"76";"0";"182";NULL
"750";"4";"120";"0";"182";NULL
"751";"4";"80";"0";"183";"1.0000"
"752";"4";"75";"0";"183";"69.9500"
"753";"4";"76";"0";"183";NULL
"754";"4";"120";"0";"183";NULL
"759";"4";"80";"0";"185";"1.5000"
"760";"4";"75";"0";"185";"54.9500"
"761";"4";"76";"0";"185";NULL
"762";"4";"120";"0";"185";NULL
"763";"4";"80";"0";"186";"1.0000"
"764";"4";"75";"0";"186";"75.9500"
"765";"4";"76";"0";"186";NULL
"766";"4";"120";"0";"186";NULL
"767";"4";"80";"0";"187";"1.5000"
"768";"4";"75";"0";"187";"79.9500"
"769";"4";"76";"0";"187";NULL
"770";"4";"120";"0";"187";NULL
"771";"4";"80";"0";"188";"1.0000"
"772";"4";"75";"0";"188";"59.9500"
"773";"4";"76";"0";"188";NULL
"774";"4";"120";"0";"188";NULL
"775";"4";"80";"0";"189";"1.0000"
"776";"4";"75";"0";"189";"95.9500"
"777";"4";"76";"0";"189";NULL
"778";"4";"120";"0";"189";NULL
"779";"4";"80";"0";"190";"1.0000"
"780";"4";"75";"0";"190";"65.9500"
"781";"4";"76";"0";"190";NULL
"782";"4";"120";"0";"190";NULL
"783";"4";"80";"0";"191";"1.5000"
"784";"4";"75";"0";"191";"69.5000"
"785";"4";"76";"0";"191";NULL
"786";"4";"120";"0";"191";NULL
"787";"4";"80";"0";"192";"1.0000"
"788";"4";"75";"0";"192";"59.9500"
"789";"4";"76";"0";"192";NULL
"790";"4";"120";"0";"192";NULL
"791";"4";"80";"0";"193";"1.0000"
"792";"4";"75";"0";"193";"69.9500"
"793";"4";"76";"0";"193";NULL
"794";"4";"120";"0";"193";NULL
"795";"4";"80";"0";"194";"1.0000"
"796";"4";"75";"0";"194";"75.9500"
"797";"4";"76";"0";"194";NULL
"798";"4";"120";"0";"194";NULL
"799";"4";"80";"0";"195";"1.0000"
"800";"4";"75";"0";"195";"68.9500"
"801";"4";"76";"0";"195";NULL
"802";"4";"120";"0";"195";NULL
"803";"4";"80";"0";"196";"1.0000"
"804";"4";"75";"0";"196";"68.9500"
"805";"4";"76";"0";"196";NULL
"806";"4";"120";"0";"196";NULL
"807";"4";"80";"0";"197";"1.0000"
"808";"4";"75";"0";"197";"69.9500"
"809";"4";"76";"0";"197";NULL
"810";"4";"120";"0";"197";NULL
"811";"4";"80";"0";"198";"1.0000"
"812";"4";"75";"0";"198";"69.9500"
"813";"4";"76";"0";"198";NULL
"814";"4";"120";"0";"198";NULL
"815";"4";"80";"0";"199";"0.8000"
"816";"4";"75";"0";"199";"39.9500"
"817";"4";"76";"0";"199";"35.9500"
"818";"4";"120";"0";"199";NULL
"819";"4";"80";"0";"200";"1.5000"
"820";"4";"75";"0";"200";"51.9500"
"821";"4";"76";"0";"200";NULL
"822";"4";"120";"0";"200";NULL
"823";"4";"80";"0";"201";"1.0000"
"824";"4";"75";"0";"201";"29.9500"
"825";"4";"76";"0";"201";NULL
"826";"4";"120";"0";"201";NULL
"827";"4";"80";"0";"202";"1.0000"
"828";"4";"75";"0";"202";"39.4500"
"829";"4";"76";"0";"202";NULL
"830";"4";"120";"0";"202";NULL
"831";"4";"80";"0";"203";"1.5000"
"832";"4";"75";"0";"203";"45.9500"
"833";"4";"76";"0";"203";NULL
"834";"4";"120";"0";"203";NULL
"835";"4";"80";"0";"204";"0.5000"
"836";"4";"75";"0";"204";"11.9500"
"837";"4";"76";"0";"204";NULL
"838";"4";"120";"0";"204";NULL
"839";"4";"80";"0";"205";"0.5000"
"840";"4";"75";"0";"205";"22.9500"
"841";"4";"76";"0";"205";NULL
"842";"4";"120";"0";"205";NULL
"847";"4";"80";"0";"207";"0.5000"
"848";"4";"75";"0";"207";"42.9500"
"849";"4";"76";"0";"207";NULL
"850";"4";"120";"0";"207";NULL
"851";"4";"80";"0";"208";"0.5000"
"852";"4";"75";"0";"208";"42.9500"
"853";"4";"76";"0";"208";NULL
"854";"4";"120";"0";"208";NULL
"855";"4";"80";"0";"209";"0.5000"
"856";"4";"75";"0";"209";"18.9500"
"857";"4";"76";"0";"209";NULL
"858";"4";"120";"0";"209";NULL
"863";"4";"80";"0";"211";"0.5000"
"864";"4";"75";"0";"211";"42.9500"
"865";"4";"76";"0";"211";NULL
"866";"4";"120";"0";"211";NULL
"867";"4";"80";"0";"212";"0.5000"
"868";"4";"75";"0";"212";"32.4500"
"869";"4";"76";"0";"212";NULL
"870";"4";"120";"0";"212";NULL
"871";"4";"80";"0";"213";"0.5000"
"872";"4";"75";"0";"213";"32.4500"
"873";"4";"76";"0";"213";NULL
"874";"4";"120";"0";"213";NULL
"875";"4";"80";"0";"214";"0.5000"
"876";"4";"75";"0";"214";"32.4500"
"877";"4";"76";"0";"214";NULL
"878";"4";"120";"0";"214";NULL
"879";"4";"80";"0";"215";"0.5000"
"880";"4";"75";"0";"215";"42.9500"
"881";"4";"76";"0";"215";NULL
"882";"4";"120";"0";"215";NULL
"883";"4";"80";"0";"216";"0.5000"
"884";"4";"75";"0";"216";"42.9500"
"885";"4";"76";"0";"216";NULL
"886";"4";"120";"0";"216";NULL
"887";"4";"80";"0";"217";"0.5000"
"888";"4";"75";"0";"217";"42.9500"
"889";"4";"76";"0";"217";NULL
"890";"4";"120";"0";"217";NULL
"891";"4";"80";"0";"218";"0.5000"
"892";"4";"75";"0";"218";"23.9500"
"893";"4";"76";"0";"218";NULL
"894";"4";"120";"0";"218";NULL
"895";"4";"80";"0";"219";"0.5000"
"896";"4";"75";"0";"219";"38.9500"
"897";"4";"76";"0";"219";NULL
"898";"4";"120";"0";"219";NULL
"899";"4";"80";"0";"220";"0.5000"
"900";"4";"75";"0";"220";"13.9500"
"901";"4";"76";"0";"220";NULL
"902";"4";"120";"0";"220";NULL
"903";"4";"80";"0";"221";"1.5000"
"904";"4";"75";"0";"221";"35.9500"
"905";"4";"76";"0";"221";NULL
"906";"4";"120";"0";"221";NULL
"907";"4";"80";"0";"222";"0.5000"
"908";"4";"75";"0";"222";"28.4500"
"909";"4";"76";"0";"222";NULL
"910";"4";"120";"0";"222";NULL
"911";"4";"80";"0";"223";"0.5000"
"912";"4";"75";"0";"223";"14.9500"
"913";"4";"76";"0";"223";NULL
"914";"4";"120";"0";"223";NULL
"915";"4";"80";"0";"224";"0.5000"
"916";"4";"75";"0";"224";"19.4500"
"917";"4";"76";"0";"224";NULL
"918";"4";"120";"0";"224";NULL
"919";"4";"80";"0";"225";"0.5000"
"920";"4";"75";"0";"225";"15.4500"
"921";"4";"76";"0";"225";NULL
"922";"4";"120";"0";"225";NULL
"923";"4";"80";"0";"226";"0.5000"
"924";"4";"75";"0";"226";"21.9500"
"925";"4";"76";"0";"226";NULL
"926";"4";"120";"0";"226";NULL
"927";"4";"80";"0";"227";"0.5000"
"928";"4";"75";"0";"227";"16.9500"
"929";"4";"76";"0";"227";NULL
"930";"4";"120";"0";"227";NULL
"931";"4";"80";"0";"228";"1.0000"
"932";"4";"75";"0";"228";"44.9500"
"933";"4";"76";"0";"228";NULL
"934";"4";"120";"0";"228";NULL
"935";"4";"80";"0";"229";"1.0000"
"936";"4";"75";"0";"229";"32.9500"
"937";"4";"76";"0";"229";NULL
"938";"4";"120";"0";"229";NULL
"939";"4";"80";"0";"230";"1.0000"
"940";"4";"75";"0";"230";"40.0000"
"941";"4";"76";"0";"230";NULL
"942";"4";"120";"0";"230";NULL
"943";"4";"80";"0";"231";"0.5000"
"944";"4";"75";"0";"231";"22.9500"
"945";"4";"76";"0";"231";NULL
"946";"4";"120";"0";"231";NULL
"947";"4";"80";"0";"232";"0.5000"
"948";"4";"75";"0";"232";"16.9500"
"949";"4";"76";"0";"232";NULL
"950";"4";"120";"0";"232";NULL
"951";"4";"80";"0";"233";"0.5000"
"952";"4";"75";"0";"233";"26.0000"
"953";"4";"76";"0";"233";NULL
"954";"4";"120";"0";"233";NULL
"955";"4";"80";"0";"234";"0.5000"
"956";"4";"75";"0";"234";"24.9500"
"957";"4";"76";"0";"234";NULL
"958";"4";"120";"0";"234";NULL
"959";"4";"80";"0";"235";"0.5000"
"960";"4";"75";"0";"235";"22.9500"
"961";"4";"76";"0";"235";NULL
"962";"4";"120";"0";"235";NULL
"963";"4";"80";"0";"236";"0.5000"
"964";"4";"75";"0";"236";"26.9500"
"965";"4";"76";"0";"236";NULL
"966";"4";"120";"0";"236";NULL
"971";"4";"80";"0";"238";"0.5000"
"972";"4";"75";"0";"238";"13.9500"
"973";"4";"76";"0";"238";NULL
"974";"4";"120";"0";"238";NULL
"975";"4";"80";"0";"239";"0.5000"
"976";"4";"75";"0";"239";"7.9500"
"977";"4";"76";"0";"239";NULL
"978";"4";"120";"0";"239";NULL
"979";"4";"80";"0";"240";"0.5000"
"980";"4";"75";"0";"240";"7.9500"
"981";"4";"76";"0";"240";NULL
"982";"4";"120";"0";"240";NULL
"983";"4";"80";"0";"241";"0.5000"
"984";"4";"75";"0";"241";"7.9500"
"985";"4";"76";"0";"241";NULL
"986";"4";"120";"0";"241";NULL
"987";"4";"80";"0";"242";"0.5000"
"988";"4";"75";"0";"242";"3.8500"
"989";"4";"76";"0";"242";NULL
"990";"4";"120";"0";"242";NULL
"991";"4";"80";"0";"243";"0.5000"
"992";"4";"75";"0";"243";"5.9500"
"993";"4";"76";"0";"243";NULL
"994";"4";"120";"0";"243";NULL
"995";"4";"80";"0";"244";"0.5000"
"996";"4";"75";"0";"244";"7.9500"
"997";"4";"76";"0";"244";NULL
"998";"4";"120";"0";"244";NULL
"999";"4";"80";"0";"245";"0.5000"
"1000";"4";"75";"0";"245";"9.9500"
"1001";"4";"76";"0";"245";NULL
"1002";"4";"120";"0";"245";NULL
"1003";"4";"80";"0";"246";"0.5000"
"1004";"4";"75";"0";"246";"13.9500"
"1005";"4";"76";"0";"246";NULL
"1006";"4";"120";"0";"246";NULL
"1007";"4";"80";"0";"247";"1.0000"
"1008";"4";"75";"0";"247";"16.9500"
"1009";"4";"76";"0";"247";NULL
"1010";"4";"120";"0";"247";NULL
"1011";"4";"80";"0";"248";"6.0000"
"1012";"4";"75";"0";"248";"119.9500"
"1013";"4";"76";"0";"248";NULL
"1014";"4";"120";"0";"248";NULL
"1015";"4";"80";"0";"249";"8.0000"
"1016";"4";"75";"0";"249";"159.9500"
"1017";"4";"76";"0";"249";NULL
"1018";"4";"120";"0";"249";NULL
"1023";"4";"80";"0";"251";"1.0000"
"1024";"4";"75";"0";"251";"21.9500"
"1025";"4";"76";"0";"251";NULL
"1026";"4";"120";"0";"251";NULL
"1027";"4";"80";"0";"252";"0.4000"
"1028";"4";"75";"0";"252";"7.7500"
"1029";"4";"76";"0";"252";NULL
"1030";"4";"120";"0";"252";NULL
"1031";"4";"80";"0";"253";"1.5000"
"1032";"4";"75";"0";"253";"36.9500"
"1033";"4";"76";"0";"253";NULL
"1034";"4";"120";"0";"253";NULL
"1035";"4";"80";"0";"254";"1.0000"
"1036";"4";"75";"0";"254";"55.0000"
"1037";"4";"76";"0";"254";NULL
"1038";"4";"120";"0";"254";NULL
"1039";"4";"80";"0";"255";"1.0000"
"1040";"4";"75";"0";"255";"56.0000"
"1041";"4";"76";"0";"255";NULL
"1042";"4";"120";"0";"255";NULL
"1043";"4";"80";"0";"256";"0.5000"
"1044";"4";"75";"0";"256";"12.9500"
"1045";"4";"76";"0";"256";NULL
"1046";"4";"120";"0";"256";NULL
"1047";"4";"80";"0";"257";"0.5000"
"1048";"4";"75";"0";"257";"36.9500"
"1049";"4";"76";"0";"257";"27.9500"
"1050";"4";"120";"0";"257";NULL
"1051";"4";"80";"0";"258";"0.5000"
"1052";"4";"75";"0";"258";"28.9500"
"1053";"4";"76";"0";"258";NULL
"1054";"4";"120";"0";"258";NULL
"1055";"4";"80";"0";"259";"0.5000"
"1056";"4";"75";"0";"259";"14.4500"
"1057";"4";"76";"0";"259";NULL
"1058";"4";"120";"0";"259";NULL
"1059";"4";"80";"0";"260";"0.5000"
"1060";"4";"75";"0";"260";"26.9500"
"1061";"4";"76";"0";"260";NULL
"1062";"4";"120";"0";"260";NULL
"1063";"4";"80";"0";"261";"0.5000"
"1064";"4";"75";"0";"261";"15.9500"
"1065";"4";"76";"0";"261";NULL
"1066";"4";"120";"0";"261";NULL
"1067";"4";"80";"0";"262";"0.5000"
"1068";"4";"75";"0";"262";"14.9500"
"1069";"4";"76";"0";"262";NULL
"1070";"4";"120";"0";"262";NULL
"1071";"4";"80";"0";"263";"0.5000"
"1072";"4";"75";"0";"263";"14.9500"
"1073";"4";"76";"0";"263";NULL
"1074";"4";"120";"0";"263";NULL
"1075";"4";"80";"0";"264";"0.5000"
"1076";"4";"75";"0";"264";"26.9500"
"1077";"4";"76";"0";"264";NULL
"1078";"4";"120";"0";"264";NULL
"1079";"4";"80";"0";"265";"0.5000"
"1080";"4";"75";"0";"265";"17.5000"
"1081";"4";"76";"0";"265";NULL
"1082";"4";"120";"0";"265";NULL
"1083";"4";"80";"0";"266";"0.5000"
"1084";"4";"75";"0";"266";"21.4500"
"1085";"4";"76";"0";"266";NULL
"1086";"4";"120";"0";"266";NULL
"1087";"4";"80";"0";"267";"0.5000"
"1088";"4";"75";"0";"267";"14.9500"
"1089";"4";"76";"0";"267";NULL
"1090";"4";"120";"0";"267";NULL
"1091";"4";"80";"0";"268";"0.5000"
"1092";"4";"75";"0";"268";"16.4500"
"1093";"4";"76";"0";"268";NULL
"1094";"4";"120";"0";"268";NULL
"1095";"4";"80";"0";"269";"0.5000"
"1096";"4";"75";"0";"269";"14.9500"
"1097";"4";"76";"0";"269";NULL
"1098";"4";"120";"0";"269";NULL
"1099";"4";"80";"0";"270";"0.5000"
"1100";"4";"75";"0";"270";"25.9500"
"1101";"4";"76";"0";"270";NULL
"1102";"4";"120";"0";"270";NULL
"1103";"4";"80";"0";"271";"0.5000"
"1104";"4";"75";"0";"271";"16.4500"
"1105";"4";"76";"0";"271";NULL
"1106";"4";"120";"0";"271";NULL
"1107";"4";"80";"0";"272";"0.5000"
"1108";"4";"75";"0";"272";"16.9500"
"1109";"4";"76";"0";"272";NULL
"1110";"4";"120";"0";"272";NULL
"1111";"4";"80";"0";"273";"0.5000"
"1112";"4";"75";"0";"273";"16.9500"
"1113";"4";"76";"0";"273";NULL
"1114";"4";"120";"0";"273";NULL
"1115";"4";"80";"0";"274";"0.5000"
"1116";"4";"75";"0";"274";"16.9500"
"1117";"4";"76";"0";"274";NULL
"1118";"4";"120";"0";"274";NULL
"1119";"4";"80";"0";"275";"0.5000"
"1120";"4";"75";"0";"275";"16.4500"
"1121";"4";"76";"0";"275";NULL
"1122";"4";"120";"0";"275";NULL
"1123";"4";"80";"0";"276";"0.5000"
"1124";"4";"75";"0";"276";"39.9500"
"1125";"4";"76";"0";"276";NULL
"1126";"4";"120";"0";"276";NULL
"1127";"4";"80";"0";"277";"0.5000"
"1128";"4";"75";"0";"277";"18.7500"
"1129";"4";"76";"0";"277";NULL
"1130";"4";"120";"0";"277";NULL
"1131";"4";"80";"0";"278";"0.5000"
"1132";"4";"75";"0";"278";"22.5000"
"1133";"4";"76";"0";"278";NULL
"1134";"4";"120";"0";"278";NULL
"1135";"4";"80";"0";"279";"0.5000"
"1136";"4";"75";"0";"279";"23.5000"
"1137";"4";"76";"0";"279";NULL
"1138";"4";"120";"0";"279";NULL
"1139";"4";"80";"0";"280";"0.5000"
"1140";"4";"75";"0";"280";"27.5000"
"1141";"4";"76";"0";"280";NULL
"1142";"4";"120";"0";"280";NULL
"1143";"4";"80";"0";"281";"0.5000"
"1144";"4";"75";"0";"281";"22.5000"
"1145";"4";"76";"0";"281";NULL
"1146";"4";"120";"0";"281";NULL
"1147";"4";"80";"0";"282";"0.5000"
"1148";"4";"75";"0";"282";"27.5000"
"1149";"4";"76";"0";"282";NULL
"1150";"4";"120";"0";"282";NULL
"1151";"4";"80";"0";"283";"0.5000"
"1152";"4";"75";"0";"283";"12.0000"
"1153";"4";"76";"0";"283";NULL
"1154";"4";"120";"0";"283";NULL
"1155";"4";"80";"0";"284";"0.5000"
"1156";"4";"75";"0";"284";"15.9500"
"1157";"4";"76";"0";"284";NULL
"1158";"4";"120";"0";"284";NULL
"1159";"4";"80";"0";"285";"0.5000"
"1160";"4";"75";"0";"285";"15.9500"
"1161";"4";"76";"0";"285";NULL
"1162";"4";"120";"0";"285";NULL
"1163";"4";"80";"0";"286";"0.5000"
"1164";"4";"75";"0";"286";"17.9500"
"1165";"4";"76";"0";"286";NULL
"1166";"4";"120";"0";"286";NULL
"1167";"4";"80";"0";"287";"0.5000"
"1168";"4";"75";"0";"287";"21.9500"
"1169";"4";"76";"0";"287";NULL
"1170";"4";"120";"0";"287";NULL
"1171";"4";"80";"0";"288";"0.5000"
"1172";"4";"75";"0";"288";"13.9500"
"1173";"4";"76";"0";"288";NULL
"1174";"4";"120";"0";"288";NULL
"1175";"4";"80";"0";"289";"0.5000"
"1176";"4";"75";"0";"289";"34.9500"
"1177";"4";"76";"0";"289";NULL
"1178";"4";"120";"0";"289";NULL
"1179";"4";"80";"0";"290";"0.5000"
"1180";"4";"75";"0";"290";"33.9500"
"1181";"4";"76";"0";"290";NULL
"1182";"4";"120";"0";"290";NULL
"1183";"4";"80";"0";"291";"0.5000"
"1184";"4";"75";"0";"291";"36.9500"
"1185";"4";"76";"0";"291";NULL
"1186";"4";"120";"0";"291";NULL
"1187";"4";"80";"0";"292";"0.5000"
"1188";"4";"75";"0";"292";"21.0000"
"1189";"4";"76";"0";"292";NULL
"1190";"4";"120";"0";"292";NULL
"1191";"4";"80";"0";"293";"1.0000"
"1192";"4";"75";"0";"293";"29.0000"
"1193";"4";"76";"0";"293";NULL
"1194";"4";"120";"0";"293";NULL
"1195";"4";"80";"0";"294";"0.5000"
"1196";"4";"75";"0";"294";"45.0000"
"1197";"4";"76";"0";"294";NULL
"1198";"4";"120";"0";"294";NULL
"1199";"4";"80";"0";"295";"0.5000"
"1200";"4";"75";"0";"295";"26.5000"
"1201";"4";"76";"0";"295";NULL
"1202";"4";"120";"0";"295";NULL
"1203";"4";"80";"0";"296";"0.5000"
"1204";"4";"75";"0";"296";"9.9500"
"1205";"4";"76";"0";"296";NULL
"1206";"4";"120";"0";"296";NULL
"1207";"4";"80";"0";"297";"0.5000"
"1208";"4";"75";"0";"297";"8.5000"
"1209";"4";"76";"0";"297";NULL
"1210";"4";"120";"0";"297";NULL
"1215";"4";"80";"0";"299";"1.5000"
"1216";"4";"75";"0";"299";"89.9500"
"1217";"4";"76";"0";"299";NULL
"1218";"4";"120";"0";"299";NULL
"1223";"4";"80";"0";"301";"1.0000"
"1224";"4";"75";"0";"301";"50.0000"
"1225";"4";"76";"0";"301";NULL
"1226";"4";"120";"0";"301";NULL
"1227";"4";"80";"0";"302";"1.5000"
"1228";"4";"75";"0";"302";"62.9500"
"1229";"4";"76";"0";"302";NULL
"1230";"4";"120";"0";"302";NULL
"1231";"4";"80";"0";"303";"1.0000"
"1232";"4";"75";"0";"303";"58.9500"
"1233";"4";"76";"0";"303";NULL
"1234";"4";"120";"0";"303";NULL
"1235";"4";"80";"0";"304";"1.0000"
"1236";"4";"75";"0";"304";"17.5000"
"1237";"4";"76";"0";"304";NULL
"1238";"4";"120";"0";"304";NULL
"1239";"4";"80";"0";"305";"0.5000"
"1240";"4";"75";"0";"305";"33.9500"
"1241";"4";"76";"0";"305";NULL
"1242";"4";"120";"0";"305";NULL
"1243";"4";"80";"0";"306";"0.5000"
"1244";"4";"75";"0";"306";"33.9500"
"1245";"4";"76";"0";"306";NULL
"1246";"4";"120";"0";"306";NULL
"1247";"4";"80";"0";"307";"5.0000"
"1248";"4";"75";"0";"307";"119.9500"
"1249";"4";"76";"0";"307";NULL
"1250";"4";"120";"0";"307";NULL
"1251";"4";"80";"0";"308";"0.5000"
"1252";"4";"75";"0";"308";"11.5000"
"1253";"4";"76";"0";"308";"8.9500"
"1254";"4";"120";"0";"308";NULL
"1255";"4";"80";"0";"309";"1.5000"
"1256";"4";"75";"0";"309";"45.9500"
"1257";"4";"76";"0";"309";NULL
"1258";"4";"120";"0";"309";NULL
"1259";"4";"80";"0";"310";"0.5000"
"1260";"4";"75";"0";"310";"22.9500"
"1261";"4";"76";"0";"310";NULL
"1262";"4";"120";"0";"310";NULL
"1263";"4";"80";"0";"311";"0.5000"
"1264";"4";"75";"0";"311";"19.9500"
"1265";"4";"76";"0";"311";NULL
"1266";"4";"120";"0";"311";NULL
"1267";"4";"80";"0";"312";"0.5000"
"1268";"4";"75";"0";"312";"25.9500"
"1269";"4";"76";"0";"312";NULL
"1270";"4";"120";"0";"312";NULL
"1271";"4";"80";"0";"313";"0.5000"
"1272";"4";"75";"0";"313";"27.9500"
"1273";"4";"76";"0";"313";NULL
"1274";"4";"120";"0";"313";NULL
"1275";"4";"80";"0";"314";"0.5000"
"1276";"4";"75";"0";"314";"22.9500"
"1277";"4";"76";"0";"314";NULL
"1278";"4";"120";"0";"314";NULL
"1279";"4";"80";"0";"315";"0.5000"
"1280";"4";"75";"0";"315";"26.9500"
"1281";"4";"76";"0";"315";NULL
"1282";"4";"120";"0";"315";NULL
"1283";"4";"80";"0";"316";"0.5000"
"1284";"4";"75";"0";"316";"35.9500"
"1285";"4";"76";"0";"316";NULL
"1286";"4";"120";"0";"316";NULL
"1287";"4";"80";"0";"317";"0.5000"
"1288";"4";"75";"0";"317";"36.9500"
"1289";"4";"76";"0";"317";"27.9500"
"1290";"4";"120";"0";"317";NULL
"1291";"4";"80";"0";"318";"0.5000"
"1292";"4";"75";"0";"318";"36.9500"
"1293";"4";"76";"0";"318";NULL
"1294";"4";"120";"0";"318";NULL
"1295";"4";"80";"0";"319";"0.5000"
"1296";"4";"75";"0";"319";"28.9500"
"1297";"4";"76";"0";"319";NULL
"1298";"4";"120";"0";"319";NULL
"1299";"4";"80";"0";"320";"0.5000"
"1300";"4";"75";"0";"320";"33.9500"
"1301";"4";"76";"0";"320";NULL
"1302";"4";"120";"0";"320";NULL
"1303";"4";"80";"0";"321";"0.5000"
"1304";"4";"75";"0";"321";"31.9500"
"1305";"4";"76";"0";"321";NULL
"1306";"4";"120";"0";"321";NULL
"1307";"4";"80";"0";"322";"0.1000"
"1308";"4";"75";"0";"322";"3.9500"
"1309";"4";"76";"0";"322";"1.0000"
"1310";"4";"120";"0";"322";NULL
"1311";"4";"80";"0";"323";"0.5000"
"1312";"4";"75";"0";"323";"23.9500"
"1313";"4";"76";"0";"323";NULL
"1314";"4";"120";"0";"323";NULL
"1315";"4";"80";"0";"324";"0.5000"
"1316";"4";"75";"0";"324";"18.4500"
"1317";"4";"76";"0";"324";NULL
"1318";"4";"120";"0";"324";NULL
"1319";"4";"80";"0";"325";"0.5000"
"1320";"4";"75";"0";"325";"19.9500"
"1321";"4";"76";"0";"325";NULL
"1322";"4";"120";"0";"325";NULL
"1323";"4";"80";"0";"326";"0.5000"
"1324";"4";"75";"0";"326";"21.9500"
"1325";"4";"76";"0";"326";NULL
"1326";"4";"120";"0";"326";NULL
"1327";"4";"80";"0";"327";"0.5000"
"1328";"4";"75";"0";"327";"10.4500"
"1329";"4";"76";"0";"327";NULL
"1330";"4";"120";"0";"327";NULL
"1331";"4";"80";"0";"328";"0.5000"
"1332";"4";"75";"0";"328";"13.4500"
"1333";"4";"76";"0";"328";NULL
"1334";"4";"120";"0";"328";NULL
"1335";"4";"80";"0";"329";"0.5000"
"1336";"4";"75";"0";"329";"13.9500"
"1337";"4";"76";"0";"329";NULL
"1338";"4";"120";"0";"329";NULL
"1339";"4";"80";"0";"330";"0.5000"
"1340";"4";"75";"0";"330";"9.9500"
"1341";"4";"76";"0";"330";NULL
"1342";"4";"120";"0";"330";NULL
"1343";"4";"80";"0";"331";"4.6400"
"1344";"4";"75";"0";"331";"54.9500"
"1345";"4";"76";"0";"331";NULL
"1346";"4";"120";"0";"331";NULL
"1347";"4";"80";"0";"332";"0.2000"
"1348";"4";"75";"0";"332";"9.9500"
"1349";"4";"76";"0";"332";NULL
"1350";"4";"120";"0";"332";NULL
"1351";"4";"80";"0";"333";"1.0000"
"1352";"4";"75";"0";"333";"30.0000"
"1353";"4";"76";"0";"333";NULL
"1354";"4";"120";"0";"333";NULL
"1355";"4";"80";"0";"334";"1.0000"
"1356";"4";"75";"0";"334";"30.0000"
"1357";"4";"76";"0";"334";NULL
"1358";"4";"120";"0";"334";NULL
"1359";"4";"80";"0";"335";"1.0000"
"1360";"4";"75";"0";"335";"30.0000"
"1361";"4";"76";"0";"335";NULL
"1362";"4";"120";"0";"335";NULL
"1363";"4";"80";"0";"336";"1.0000"
"1364";"4";"75";"0";"336";"25.0000"
"1365";"4";"76";"0";"336";NULL
"1366";"4";"120";"0";"336";NULL
"1367";"4";"80";"0";"337";"0.5000"
"1368";"4";"75";"0";"337";"17.5000"
"1369";"4";"76";"0";"337";NULL
"1370";"4";"120";"0";"337";NULL
"1371";"4";"80";"0";"338";"0.5000"
"1372";"4";"75";"0";"338";"16.5000"
"1373";"4";"76";"0";"338";NULL
"1374";"4";"120";"0";"338";NULL
"1375";"4";"80";"0";"339";"0.5000"
"1376";"4";"75";"0";"339";"17.5000"
"1377";"4";"76";"0";"339";NULL
"1378";"4";"120";"0";"339";NULL
"1379";"4";"80";"0";"340";"0.2000"
"1380";"4";"75";"0";"340";"4.0000"
"1381";"4";"76";"0";"340";NULL
"1382";"4";"120";"0";"340";NULL
"1383";"4";"80";"0";"341";"0.5000"
"1384";"4";"75";"0";"341";"7.5000"
"1385";"4";"76";"0";"341";NULL
"1386";"4";"120";"0";"341";NULL
"1387";"4";"80";"0";"342";"1.0000"
"1388";"4";"75";"0";"342";"56.9500"
"1389";"4";"76";"0";"342";NULL
"1390";"4";"120";"0";"342";NULL
"1391";"4";"80";"0";"343";"0.3000"
"1392";"4";"75";"0";"343";"5.0000"
"1393";"4";"76";"0";"343";NULL
"1394";"4";"120";"0";"343";NULL
"1395";"4";"80";"0";"344";"0.5000"
"1396";"4";"75";"0";"344";"11.9500"
"1397";"4";"76";"0";"344";NULL
"1398";"4";"120";"0";"344";NULL
"1399";"4";"80";"0";"345";"1.0000"
"1400";"4";"75";"0";"345";"45.9500"
"1401";"4";"76";"0";"345";NULL
"1402";"4";"120";"0";"345";NULL
"1407";"4";"80";"0";"347";"1.0000"
"1408";"4";"75";"0";"347";"45.9500"
"1409";"4";"76";"0";"347";NULL
"1410";"4";"120";"0";"347";NULL
"1411";"4";"80";"0";"348";"1.0000"
"1412";"4";"75";"0";"348";"45.9500"
"1413";"4";"76";"0";"348";NULL
"1414";"4";"120";"0";"348";NULL
"1423";"4";"80";"0";"351";"1.5000"
"1424";"4";"75";"0";"351";"45.9500"
"1425";"4";"76";"0";"351";NULL
"1426";"4";"120";"0";"351";NULL
"1427";"4";"80";"0";"352";"0.5000"
"1428";"4";"75";"0";"352";"12.9500"
"1429";"4";"76";"0";"352";NULL
"1430";"4";"120";"0";"352";NULL
"1431";"4";"80";"0";"353";"0.5000"
"1432";"4";"75";"0";"353";"11.9500"
"1433";"4";"76";"0";"353";NULL
"1434";"4";"120";"0";"353";NULL
"1435";"4";"80";"0";"354";"0.5000"
"1436";"4";"75";"0";"354";"12.9500"
"1437";"4";"76";"0";"354";NULL
"1438";"4";"120";"0";"354";NULL
"1439";"4";"80";"0";"355";"0.5000"
"1440";"4";"75";"0";"355";"12.9500"
"1441";"4";"76";"0";"355";NULL
"1442";"4";"120";"0";"355";NULL
"1443";"4";"80";"0";"356";"0.5000"
"1444";"4";"75";"0";"356";"16.5000"
"1445";"4";"76";"0";"356";NULL
"1446";"4";"120";"0";"356";NULL
"1447";"4";"80";"0";"357";"0.5000"
"1448";"4";"75";"0";"357";"10.4500"
"1449";"4";"76";"0";"357";NULL
"1450";"4";"120";"0";"357";NULL
"1451";"4";"80";"0";"358";"0.5000"
"1452";"4";"75";"0";"358";"13.9500"
"1453";"4";"76";"0";"358";NULL
"1454";"4";"120";"0";"358";NULL
"1455";"4";"80";"0";"359";"0.5000"
"1456";"4";"75";"0";"359";"36.9500"
"1457";"4";"76";"0";"359";"31.9500"
"1458";"4";"120";"0";"359";NULL
"1459";"4";"80";"0";"360";"0.5000"
"1460";"4";"75";"0";"360";"36.9500"
"1461";"4";"76";"0";"360";"31.9500"
"1462";"4";"120";"0";"360";NULL
"1463";"4";"80";"0";"361";"0.5000"
"1464";"4";"75";"0";"361";"33.9500"
"1465";"4";"76";"0";"361";"31.9500"
"1466";"4";"120";"0";"361";NULL
"1467";"4";"80";"0";"362";"0.5000"
"1468";"4";"75";"0";"362";"40.9500"
"1469";"4";"76";"0";"362";"38.9500"
"1470";"4";"120";"0";"362";NULL
"1471";"4";"80";"0";"363";"0.5000"
"1472";"4";"75";"0";"363";"36.0000"
"1473";"4";"76";"0";"363";NULL
"1474";"4";"120";"0";"363";NULL
"1475";"4";"80";"0";"364";"0.5000"
"1476";"4";"75";"0";"364";"34.0000"
"1477";"4";"76";"0";"364";NULL
"1478";"4";"120";"0";"364";NULL
"1479";"4";"80";"0";"365";"0.5000"
"1480";"4";"75";"0";"365";"11.9500"
"1481";"4";"76";"0";"365";NULL
"1482";"4";"120";"0";"365";NULL
"1483";"4";"80";"0";"366";"0.5000"
"1484";"4";"75";"0";"366";"24.9500"
"1485";"4";"76";"0";"366";"17.9500"
"1486";"4";"120";"0";"366";NULL
"1487";"4";"80";"0";"367";"0.5000"
"1488";"4";"75";"0";"367";"24.9500"
"1489";"4";"76";"0";"367";NULL
"1490";"4";"120";"0";"367";NULL
"1540";"4";"80";"0";"369";"1.0000"
"1541";"4";"75";"0";"369";"69.9500"
"1542";"4";"76";"0";"369";NULL
"1543";"4";"120";"0";"369";NULL
"1544";"4";"80";"0";"370";"1.0000"
"1545";"4";"75";"0";"370";"89.9500"
"1546";"4";"76";"0";"370";"79.9500"
"1547";"4";"120";"0";"370";NULL
"1551";"4";"80";"0";"371";"1.0000"
"1552";"4";"75";"0";"371";"79.9500"
"1553";"4";"76";"0";"371";"69.9500"
"1554";"4";"120";"0";"371";NULL
"1555";"4";"80";"0";"372";"1.0000"
"1556";"4";"75";"0";"372";"79.9500"
"1557";"4";"76";"0";"372";NULL
"1558";"4";"120";"0";"372";NULL
"1559";"4";"80";"0";"373";"1.0000"
"1560";"4";"75";"0";"373";"89.9500"
"1561";"4";"76";"0";"373";NULL
"1562";"4";"120";"0";"373";NULL
"1585";"4";"80";"0";"375";"1.0000"
"1586";"4";"75";"0";"375";"75.9500"
"1587";"4";"76";"0";"375";NULL
"1588";"4";"120";"0";"375";NULL
"1589";"4";"80";"0";"376";"1.0000"
"1590";"4";"75";"0";"376";"79.9500"
"1591";"4";"76";"0";"376";NULL
"1592";"4";"120";"0";"376";NULL
"1593";"4";"80";"0";"377";"1.0000"
"1594";"4";"75";"0";"377";"69.9500"
"1595";"4";"76";"0";"377";NULL
"1596";"4";"120";"0";"377";NULL
"1597";"4";"80";"0";"378";"4.0000"
"1598";"4";"75";"0";"378";"129.9500"
"1599";"4";"76";"0";"378";NULL
"1600";"4";"120";"0";"378";NULL
"1601";"4";"80";"0";"379";"6.0000"
"1602";"4";"75";"0";"379";"169.9500"
"1603";"4";"76";"0";"379";NULL
"1604";"4";"120";"0";"379";NULL
"1643";"4";"80";"0";"381";"1.0000"
"1644";"4";"75";"0";"381";"36.9500"
"1645";"4";"76";"0";"381";NULL
"1646";"4";"120";"0";"381";NULL
"1692";"4";"80";"0";"382";"1.0000"
"1693";"4";"75";"0";"382";"89.9500"
"1694";"4";"76";"0";"382";NULL
"1695";"4";"120";"0";"382";NULL
"1702";"4";"80";"0";"383";"0.5000"
"1703";"4";"75";"0";"383";"38.9500"
"1704";"4";"76";"0";"383";NULL
"1705";"4";"120";"0";"383";NULL
"1709";"4";"80";"0";"384";"0.5000"
"1710";"4";"75";"0";"384";"36.9500"
"1711";"4";"76";"0";"384";NULL
"1712";"4";"120";"0";"384";NULL
"1875";"4";"80";"0";"385";"0.0000"
"1876";"4";"75";"0";"385";"4.0000"
"1877";"4";"76";"0";"385";NULL
"1878";"4";"120";"0";"385";NULL
"1975";"4";"80";"0";"386";"1.0000"
"1976";"4";"75";"0";"386";"60.0000"
"1977";"4";"76";"0";"386";NULL
"1978";"4";"120";"0";"386";NULL
"1982";"4";"80";"0";"387";"1.0000"
"1983";"4";"75";"0";"387";"60.0000"
"1984";"4";"76";"0";"387";NULL
"1985";"4";"120";"0";"387";NULL
"2331";"4";"80";"0";"388";"1.0000"
"2332";"4";"75";"0";"388";"49.9500"
"2333";"4";"76";"0";"388";NULL
"2334";"4";"120";"0";"388";NULL
"2552";"4";"80";"0";"389";"1.0000"
"2553";"4";"75";"0";"389";"89.9500"
"2554";"4";"76";"0";"389";NULL
"2555";"4";"120";"0";"389";NULL
"3161";"4";"80";"0";"390";"0.5000"
"3162";"4";"75";"0";"390";"17.9500"
"3163";"4";"76";"0";"390";NULL
"3164";"4";"120";"0";"390";NULL
"3168";"4";"80";"0";"391";"0.5000"
"3169";"4";"75";"0";"391";"19.9500"
"3170";"4";"76";"0";"391";NULL
"3171";"4";"120";"0";"391";NULL
"3213";"4";"80";"0";"392";"1.0000"
"3214";"4";"75";"0";"392";"39.9500"
"3215";"4";"76";"0";"392";NULL
"3216";"4";"120";"0";"392";NULL
"3223";"4";"80";"0";"393";"1.0000"
"3224";"4";"75";"0";"393";"42.9500"
"3225";"4";"76";"0";"393";NULL
"3226";"4";"120";"0";"393";NULL
"3236";"4";"80";"0";"394";"0.5000"
"3237";"4";"75";"0";"394";"4.5000"
"3238";"4";"76";"0";"394";NULL
"3239";"4";"120";"0";"394";NULL
"3240";"4";"80";"0";"395";"3.2600"
"3241";"4";"75";"0";"395";"29.9500"
"3242";"4";"76";"0";"395";NULL
"3243";"4";"120";"0";"395";NULL
"3827";"4";"80";"0";"396";"0.5000"
"3828";"4";"75";"0";"396";"17.0000"
"3829";"4";"76";"0";"396";NULL
"3830";"4";"120";"0";"396";NULL
"3852";"4";"80";"0";"397";"0.5000"
"3853";"4";"75";"0";"397";"21.4500"
"3854";"4";"76";"0";"397";NULL
"3855";"4";"120";"0";"397";NULL
"3862";"4";"80";"0";"398";"0.5000"
"3863";"4";"75";"0";"398";"18.9500"
"3864";"4";"76";"0";"398";NULL
"3865";"4";"120";"0";"398";NULL
"3869";"4";"80";"0";"399";"1.0000"
"3870";"4";"75";"0";"399";"25.9500"
"3871";"4";"76";"0";"399";"22.9500"
"3872";"4";"120";"0";"399";NULL
"4014";"4";"80";"0";"400";"1.0000"
"4015";"4";"75";"0";"400";"39.9500"
"4016";"4";"76";"0";"400";NULL
"4017";"4";"120";"0";"400";NULL
"4084";"4";"80";"0";"401";"1.0000"
"4085";"4";"75";"0";"401";"18.9500"
"4086";"4";"76";"0";"401";NULL
"4087";"4";"120";"0";"401";NULL
"4088";"4";"80";"0";"402";"0.5000"
"4089";"4";"75";"0";"402";"17.9500"
"4090";"4";"76";"0";"402";NULL
"4091";"4";"120";"0";"402";NULL
"4101";"4";"80";"0";"403";"1.5000"
"4102";"4";"75";"0";"403";"49.9500"
"4103";"4";"76";"0";"403";NULL
"4104";"4";"120";"0";"403";NULL
"4105";"4";"80";"0";"404";"1.5000"
"4106";"4";"75";"0";"404";"49.9500"
"4107";"4";"76";"0";"404";NULL
"4108";"4";"120";"0";"404";NULL
"4112";"4";"80";"0";"405";"1.5000"
"4113";"4";"75";"0";"405";"49.9500"
"4114";"4";"76";"0";"405";NULL
"4115";"4";"120";"0";"405";NULL
"4119";"4";"80";"0";"406";"1.0000"
"4120";"4";"75";"0";"406";"49.9500"
"4121";"4";"76";"0";"406";NULL
"4122";"4";"120";"0";"406";NULL
"4132";"4";"80";"0";"407";"1.0000"
"4133";"4";"75";"0";"407";"26.9500"
"4134";"4";"76";"0";"407";NULL
"4135";"4";"120";"0";"407";NULL
"4142";"4";"80";"0";"408";"0.5000"
"4143";"4";"75";"0";"408";"24.9500"
"4144";"4";"76";"0";"408";NULL
"4145";"4";"120";"0";"408";NULL
"4164";"4";"80";"0";"409";"1.0000"
"4165";"4";"75";"0";"409";"49.9500"
"4166";"4";"76";"0";"409";NULL
"4167";"4";"120";"0";"409";NULL
"4168";"4";"80";"0";"410";"1.0000"
"4169";"4";"75";"0";"410";"49.9500"
"4170";"4";"76";"0";"410";NULL
"4171";"4";"120";"0";"410";NULL
"4178";"4";"80";"0";"411";"1.0000"
"4179";"4";"75";"0";"411";"49.9500"
"4180";"4";"76";"0";"411";NULL
"4181";"4";"120";"0";"411";NULL
"4182";"4";"80";"0";"412";"1.0000"
"4183";"4";"75";"0";"412";"49.9500"
"4184";"4";"76";"0";"412";NULL
"4185";"4";"120";"0";"412";NULL
"4186";"4";"80";"0";"413";"1.0000"
"4187";"4";"75";"0";"413";"49.9500"
"4188";"4";"76";"0";"413";NULL
"4189";"4";"120";"0";"413";NULL
"4190";"4";"80";"0";"414";"1.0000"
"4191";"4";"75";"0";"414";"49.9500"
"4192";"4";"76";"0";"414";NULL
"4193";"4";"120";"0";"414";NULL
"4194";"4";"80";"0";"415";"1.0000"
"4195";"4";"75";"0";"415";"49.9500"
"4196";"4";"76";"0";"415";NULL
"4197";"4";"120";"0";"415";NULL
"4198";"4";"80";"0";"416";"1.0000"
"4199";"4";"75";"0";"416";"49.9500"
"4200";"4";"76";"0";"416";NULL
"4201";"4";"120";"0";"416";NULL
"4202";"4";"80";"0";"417";"1.0000"
"4203";"4";"75";"0";"417";"49.9500"
"4204";"4";"76";"0";"417";NULL
"4205";"4";"120";"0";"417";NULL
"4209";"4";"80";"0";"418";"1.0000"
"4210";"4";"75";"0";"418";"49.9500"
"4211";"4";"76";"0";"418";NULL
"4212";"4";"120";"0";"418";NULL
"4250";"4";"80";"0";"419";"0.5000"
"4251";"4";"75";"0";"419";"17.9500"
"4252";"4";"76";"0";"419";NULL
"4253";"4";"120";"0";"419";NULL
"4371";"4";"80";"0";"420";"0.5000"
"4372";"4";"75";"0";"420";"38.9500"
"4373";"4";"76";"0";"420";NULL
"4374";"4";"120";"0";"420";NULL
"4444";"4";"80";"0";"421";"2.0000"
"4445";"4";"75";"0";"421";"62.9500"
"4446";"4";"76";"0";"421";NULL
"4447";"4";"120";"0";"421";NULL
"4454";"4";"80";"0";"422";"3.0000"
"4455";"4";"75";"0";"422";"94.9500"
"4456";"4";"76";"0";"422";NULL
"4457";"4";"120";"0";"422";NULL
"4473";"4";"80";"0";"423";"2.0000"
"4474";"4";"75";"0";"423";"73.9500"
"4475";"4";"76";"0";"423";NULL
"4476";"4";"120";"0";"423";NULL
"4487";"4";"80";"0";"424";"3.0000"
"4488";"4";"75";"0";"424";"159.9500"
"4489";"4";"76";"0";"424";NULL
"4490";"4";"120";"0";"424";NULL
"4518";"4";"80";"0";"425";"0.3000"
"4519";"4";"75";"0";"425";"13.9500"
"4520";"4";"76";"0";"425";NULL
"4521";"4";"120";"0";"425";NULL
"4537";"4";"80";"0";"426";"0.5000"
"4538";"4";"75";"0";"426";"9.0000"
"4539";"4";"76";"0";"426";NULL
"4540";"4";"120";"0";"426";NULL
"4547";"4";"80";"0";"427";"0.1000"
"4548";"4";"75";"0";"427";"12.9500"
"4549";"4";"76";"0";"427";NULL
"4550";"4";"120";"0";"427";NULL
"4584";"4";"80";"0";"428";"0.5000"
"4585";"4";"75";"0";"428";"6.9500"
"4586";"4";"76";"0";"428";NULL
"4587";"4";"120";"0";"428";NULL
"4600";"4";"80";"0";"429";"1.0000"
"4601";"4";"75";"0";"429";"49.9500"
"4602";"4";"76";"0";"429";NULL
"4603";"4";"120";"0";"429";NULL
"4604";"4";"80";"0";"430";"1.0000"
"4605";"4";"75";"0";"430";"7.4500"
"4606";"4";"76";"0";"430";NULL
"4607";"4";"120";"0";"430";NULL
"4608";"4";"80";"0";"431";"0.5000"
"4609";"4";"75";"0";"431";"18.0000"
"4610";"4";"76";"0";"431";NULL
"4611";"4";"120";"0";"431";NULL
"4612";"4";"80";"0";"432";"0.1000"
"4613";"4";"75";"0";"432";"12.9500"
"4614";"4";"76";"0";"432";NULL
"4615";"4";"120";"0";"432";NULL
"4616";"4";"80";"0";"433";"1.5000"
"4617";"4";"75";"0";"433";"59.9500"
"4618";"4";"76";"0";"433";"49.9500"
"4619";"4";"120";"0";"433";NULL
"4623";"4";"80";"0";"434";"1.0000"
"4624";"4";"75";"0";"434";"55.9500"
"4625";"4";"76";"0";"434";NULL
"4626";"4";"120";"0";"434";NULL
"4652";"4";"80";"0";"435";"5.0000"
"4653";"4";"75";"0";"435";"119.9500"
"4654";"4";"76";"0";"435";NULL
"4655";"4";"120";"0";"435";NULL
"4677";"4";"80";"0";"436";"6.0000"
"4678";"4";"75";"0";"436";"185.9500"
"4679";"4";"76";"0";"436";NULL
"4680";"4";"120";"0";"436";NULL
"4715";"4";"80";"0";"437";"0.5000"
"4716";"4";"75";"0";"437";"21.9500"
"4717";"4";"76";"0";"437";NULL
"4718";"4";"120";"0";"437";NULL
"4761";"4";"80";"0";"438";"1.0000"
"4762";"4";"75";"0";"438";"23.9500"
"4763";"4";"76";"0";"438";NULL
"4764";"4";"120";"0";"438";NULL
"4807";"4";"75";"0";"439";"26.9500"
"4808";"4";"76";"0";"439";"19.9500"
"4809";"4";"80";"0";"439";"1.0000"
"4810";"4";"120";"0";"439";NULL
"4864";"4";"75";"0";"440";"27.9500"
"4865";"4";"76";"0";"440";NULL
"4866";"4";"80";"0";"440";"1.0000"
"4867";"4";"120";"0";"440";NULL
"4880";"4";"80";"0";"441";"1.0000"
"4881";"4";"75";"0";"441";"25.9500"
"4882";"4";"76";"0";"441";NULL
"4883";"4";"120";"0";"441";NULL
"4887";"4";"80";"0";"442";"0.3500"
"4888";"4";"75";"0";"442";"15.9500"
"4889";"4";"76";"0";"442";NULL
"4890";"4";"120";"0";"442";NULL
"4891";"4";"75";"0";"443";"15.9500"
"4892";"4";"76";"0";"443";NULL
"4893";"4";"80";"0";"443";"0.3500"
"4894";"4";"120";"0";"443";NULL
"4895";"4";"75";"0";"444";"15.9500"
"4896";"4";"76";"0";"444";NULL
"4897";"4";"80";"0";"444";"0.3500"
"4898";"4";"120";"0";"444";NULL
"4899";"4";"80";"0";"445";"0.3500"
"4900";"4";"75";"0";"445";"15.9500"
"4901";"4";"76";"0";"445";NULL
"4902";"4";"120";"0";"445";NULL
"4907";"4";"80";"0";"447";"1.0000"
"4908";"4";"75";"0";"447";"26.9500"
"4909";"4";"76";"0";"447";"19.9500"
"4910";"4";"120";"0";"447";NULL
"4941";"4";"80";"0";"448";"1.0000"
"4942";"4";"75";"0";"448";"65.9500"
"4943";"4";"76";"0";"448";NULL
"4944";"4";"120";"0";"448";NULL
"5093";"4";"80";"0";"449";"1.0000"
"5094";"4";"75";"0";"449";"99.9500"
"5095";"4";"76";"0";"449";"89.9500"
"5096";"4";"120";"0";"449";NULL
"5121";"4";"80";"0";"450";"1.0000"
"5122";"4";"75";"0";"450";"99.9500"
"5123";"4";"76";"0";"450";NULL
"5124";"4";"120";"0";"450";NULL
"5188";"4";"80";"0";"451";"0.4000"
"5189";"4";"75";"0";"451";"18.0000"
"5190";"4";"76";"0";"451";NULL
"5191";"4";"120";"0";"451";NULL
"5195";"4";"80";"0";"452";"0.5000"
"5196";"4";"75";"0";"452";"26.9500"
"5197";"4";"76";"0";"452";NULL
"5198";"4";"120";"0";"452";NULL
"5333";"4";"80";"0";"453";"1.0000"
"5334";"4";"75";"0";"453";"99.9500"
"5335";"4";"76";"0";"453";"89.9500"
"5336";"4";"120";"0";"453";NULL
"5346";"4";"80";"0";"454";"1.0000"
"5347";"4";"75";"0";"454";"49.9500"
"5348";"4";"76";"0";"454";"39.9500"
"5349";"4";"120";"0";"454";NULL
"5350";"4";"80";"0";"455";"0.5000"
"5351";"4";"75";"0";"455";"36.9500"
"5352";"4";"76";"0";"455";NULL
"5353";"4";"120";"0";"455";NULL
"5354";"4";"80";"0";"456";"1.0000"
"5355";"4";"75";"0";"456";"26.9500"
"5356";"4";"76";"0";"456";"35.9500"
"5357";"4";"120";"0";"456";NULL
"5358";"4";"80";"0";"457";"1.0000"
"5359";"4";"75";"0";"457";"28.9500"
"5360";"4";"76";"0";"457";NULL
"5361";"4";"120";"0";"457";NULL
"5422";"4";"80";"0";"458";"1.0000"
"5423";"4";"75";"0";"458";"89.9500"
"5424";"4";"76";"0";"458";NULL
"5425";"4";"120";"0";"458";NULL
"5475";"4";"80";"0";"459";"1.0000"
"5476";"4";"75";"0";"459";"69.9500"
"5477";"4";"76";"0";"459";NULL
"5478";"4";"120";"0";"459";NULL
"5548";"4";"80";"0";"460";"1.0000"
"5549";"4";"75";"0";"460";"49.9500"
"5550";"4";"76";"0";"460";NULL
"5551";"4";"120";"0";"460";NULL
"5616";"4";"80";"0";"461";"1.0000"
"5617";"4";"75";"0";"461";"60.0000"
"5618";"4";"76";"0";"461";NULL
"5619";"4";"120";"0";"461";NULL
"5671";"4";"80";"0";"462";"1.5000"
"5672";"4";"75";"0";"462";"89.9500"
"5673";"4";"76";"0";"462";NULL
"5674";"4";"120";"0";"462";NULL
"5705";"4";"80";"0";"463";"0.8000"
"5706";"4";"75";"0";"463";"45.9500"
"5707";"4";"76";"0";"463";NULL
"5708";"4";"120";"0";"463";NULL
"5736";"4";"80";"0";"464";"1.0000"
"5737";"4";"75";"0";"464";"67.9500"
"5738";"4";"76";"0";"464";NULL
"5739";"4";"120";"0";"464";NULL
"5755";"4";"80";"0";"465";"2.0000"
"5756";"4";"75";"0";"465";"74.9500"
"5757";"4";"76";"0";"465";NULL
"5758";"4";"120";"0";"465";NULL
"5759";"4";"80";"0";"466";"2.0000"
"5760";"4";"75";"0";"466";"109.9500"
"5761";"4";"76";"0";"466";NULL
"5762";"4";"120";"0";"466";NULL
"5781";"4";"80";"0";"467";"2.5000"
"5782";"4";"75";"0";"467";"99.9500"
"5783";"4";"76";"0";"467";NULL
"5784";"4";"120";"0";"467";NULL
"5788";"4";"80";"0";"468";"2.0000"
"5789";"4";"75";"0";"468";"159.9500"
"5790";"4";"76";"0";"468";"129.9500"
"5791";"4";"120";"0";"468";NULL
"5825";"4";"80";"0";"469";"1.5000"
"5826";"4";"75";"0";"469";"119.9500"
"5827";"4";"76";"0";"469";NULL
"5828";"4";"120";"0";"469";NULL
"5886";"4";"80";"0";"470";"1.0000"
"5887";"4";"75";"0";"470";"69.9500"
"5888";"4";"76";"0";"470";NULL
"5889";"4";"120";"0";"470";NULL
"5956";"4";"80";"0";"471";"1.0000"
"5957";"4";"75";"0";"471";"31.9500"
"5958";"4";"76";"0";"471";NULL
"5959";"4";"120";"0";"471";NULL
"5990";"4";"80";"0";"472";"0.5000"
"5991";"4";"75";"0";"472";"36.9500"
"5992";"4";"76";"0";"472";NULL
"5993";"4";"120";"0";"472";NULL
"6077";"4";"80";"0";"473";"0.5000"
"6078";"4";"75";"0";"473";"31.9500"
"6079";"4";"76";"0";"473";NULL
"6080";"4";"120";"0";"473";NULL
"6234";"4";"80";"0";"474";"1.0000"
"6235";"4";"75";"0";"474";"65.9500"
"6236";"4";"76";"0";"474";"55.9500"
"6237";"4";"120";"0";"474";NULL
"6307";"4";"80";"0";"475";"1.0000"
"6308";"4";"75";"0";"475";"30.0000"
"6309";"4";"76";"0";"475";NULL
"6310";"4";"120";"0";"475";NULL
"6311";"4";"75";"0";"476";"30.0000"
"6312";"4";"76";"0";"476";NULL
"6313";"4";"80";"0";"476";"1.0000"
"6314";"4";"120";"0";"476";NULL
"6324";"4";"75";"0";"477";"25.0000"
"6325";"4";"76";"0";"477";NULL
"6326";"4";"80";"0";"477";"1.0000"
"6327";"4";"120";"0";"477";NULL
"6391";"4";"80";"0";"478";"1.0000"
"6392";"4";"75";"0";"478";"39.9500"
"6393";"4";"76";"0";"478";NULL
"6394";"4";"120";"0";"478";NULL
"6422";"4";"80";"0";"479";"1.5000"
"6423";"4";"75";"0";"479";"55.0000"
"6424";"4";"76";"0";"479";NULL
"6425";"4";"120";"0";"479";NULL
"6435";"4";"80";"0";"480";"0.8000"
"6436";"4";"75";"0";"480";"45.9500"
"6437";"4";"76";"0";"480";"39.9500"
"6438";"4";"120";"0";"480";NULL
"6556";"4";"80";"0";"481";"1.0000"
"6557";"4";"75";"0";"481";"57.9500"
"6558";"4";"76";"0";"481";NULL
"6559";"4";"120";"0";"481";NULL
"6626";"4";"80";"0";"482";"1.5000"
"6627";"4";"75";"0";"482";"54.9500"
"6628";"4";"76";"0";"482";NULL
"6629";"4";"120";"0";"482";NULL
"6636";"4";"80";"0";"483";"0.5000"
"6637";"4";"75";"0";"483";"21.9500"
"6638";"4";"76";"0";"483";"18.9500"
"6639";"4";"120";"0";"483";NULL
"6640";"4";"80";"0";"484";"1.0000"
"6641";"4";"75";"0";"484";"21.9500"
"6642";"4";"76";"0";"484";"19.9500"
"6643";"4";"120";"0";"484";NULL
"6686";"4";"80";"0";"485";"1.5000"
"6687";"4";"75";"0";"485";"99.9500"
"6688";"4";"76";"0";"485";NULL
"6689";"4";"120";"0";"485";NULL
"6693";"4";"80";"0";"486";"1.5000"
"6694";"4";"75";"0";"486";"179.9500"
"6695";"4";"76";"0";"486";"149.9500"
"6696";"4";"120";"0";"486";NULL
"6748";"4";"80";"0";"487";"1.2000"
"6749";"4";"75";"0";"487";"63.9500"
"6750";"4";"76";"0";"487";"55.9500"
"6751";"4";"120";"0";"487";NULL
"6791";"4";"75";"0";"488";"65.9500"
"6792";"4";"76";"0";"488";"49.9500"
"6793";"4";"80";"0";"488";"1.0000"
"6794";"4";"120";"0";"488";NULL
"6804";"4";"75";"0";"489";"89.9500"
"6805";"4";"76";"0";"489";"81.9500"
"6806";"4";"80";"0";"489";"1.5000"
"6807";"4";"120";"0";"489";NULL
"6811";"4";"75";"0";"490";"39.9500"
"6812";"4";"76";"0";"490";"31.9500"
"6813";"4";"80";"0";"490";"0.8000"
"6814";"4";"120";"0";"490";NULL
"6821";"4";"75";"0";"491";"59.9500"
"6822";"4";"76";"0";"491";"49.9500"
"6823";"4";"80";"0";"491";"1.5000"
"6824";"4";"120";"0";"491";NULL
"6831";"4";"75";"0";"492";"59.9500"
"6832";"4";"76";"0";"492";"54.9500"
"6833";"4";"80";"0";"492";"1.0000"
"6834";"4";"120";"0";"492";NULL
"6838";"4";"75";"0";"493";"54.9500"
"6839";"4";"76";"0";"493";"49.9500"
"6840";"4";"80";"0";"493";"1.5000"
"6841";"4";"120";"0";"493";NULL
"6851";"4";"80";"0";"494";"1.0000"
"6852";"4";"75";"0";"494";"56.9500"
"6853";"4";"76";"0";"494";"47.9500"
"6854";"4";"120";"0";"494";NULL
"6861";"4";"80";"0";"495";"1.0000"
"6862";"4";"75";"0";"495";"69.9500"
"6863";"4";"76";"0";"495";"59.9500"
"6864";"4";"120";"0";"495";NULL
"6871";"4";"80";"0";"496";"1.0000"
"6872";"4";"75";"0";"496";"55.0000"
"6873";"4";"76";"0";"496";"47.9500"
"6874";"4";"120";"0";"496";NULL
"6902";"4";"80";"0";"497";"1.5000"
"6903";"4";"75";"0";"497";"199.9500"
"6904";"4";"76";"0";"497";"159.9500"
"6905";"4";"120";"0";"497";NULL
"6984";"4";"80";"0";"498";"0.5000"
"6985";"4";"75";"0";"498";"16.5000"
"6986";"4";"76";"0";"498";NULL
"6987";"4";"120";"0";"498";NULL
"7045";"4";"80";"0";"499";"1.0000"
"7046";"4";"75";"0";"499";"56.9500"
"7047";"4";"76";"0";"499";NULL
"7048";"4";"120";"0";"499";NULL
"7160";"4";"80";"0";"500";"1.5000"
"7161";"4";"75";"0";"500";"59.9500"
"7162";"4";"76";"0";"500";"49.9500"
"7163";"4";"120";"0";"500";NULL
"7203";"4";"80";"0";"501";"0.3500"
"7204";"4";"75";"0";"501";"19.9500"
"7205";"4";"76";"0";"501";NULL
"7206";"4";"120";"0";"501";NULL
"7210";"4";"80";"0";"502";"0.3500"
"7211";"4";"75";"0";"502";"18.9500"
"7212";"4";"76";"0";"502";NULL
"7213";"4";"120";"0";"502";NULL
"7223";"4";"80";"0";"503";"0.3500"
"7224";"4";"75";"0";"503";"21.4500"
"7225";"4";"76";"0";"503";NULL
"7226";"4";"120";"0";"503";NULL
"7230";"4";"80";"0";"504";"0.3500"
"7231";"4";"75";"0";"504";"26.9500"
"7232";"4";"76";"0";"504";NULL
"7233";"4";"120";"0";"504";NULL
"7285";"4";"80";"0";"505";"1.0000"
"7286";"4";"75";"0";"505";"35.9500"
"7287";"4";"76";"0";"505";NULL
"7288";"4";"120";"0";"505";NULL
"7499";"4";"80";"0";"506";"0.5000"
"7500";"4";"75";"0";"506";"36.9500"
"7501";"4";"76";"0";"506";NULL
"7502";"4";"120";"0";"506";NULL
"7506";"4";"80";"0";"507";"0.5000"
"7507";"4";"75";"0";"507";"36.9500"
"7508";"4";"76";"0";"507";NULL
"7509";"4";"120";"0";"507";NULL
"7513";"4";"80";"0";"508";"0.5000"
"7514";"4";"75";"0";"508";"36.9500"
"7515";"4";"76";"0";"508";NULL
"7516";"4";"120";"0";"508";NULL
"7529";"4";"80";"0";"509";"1.5000"
"7530";"4";"75";"0";"509";"55.9500"
"7531";"4";"76";"0";"509";NULL
"7532";"4";"120";"0";"509";NULL
"7557";"4";"75";"0";"510";"55.9500"
"7558";"4";"76";"0";"510";NULL
"7559";"4";"80";"0";"510";"1.5000"
"7560";"4";"120";"0";"510";NULL
"7565";"4";"75";"0";"511";"55.9500"
"7566";"4";"76";"0";"511";NULL
"7567";"4";"80";"0";"511";"1.5000"
"7568";"4";"120";"0";"511";NULL
"7572";"4";"75";"0";"512";"55.9500"
"7573";"4";"76";"0";"512";NULL
"7574";"4";"80";"0";"512";"1.5000"
"7575";"4";"120";"0";"512";NULL
"7593";"4";"75";"0";"513";"55.9500"
"7594";"4";"76";"0";"513";NULL
"7595";"4";"80";"0";"513";"1.5000"
"7596";"4";"120";"0";"513";NULL
"7600";"4";"75";"0";"514";"55.9500"
"7601";"4";"76";"0";"514";NULL
"7602";"4";"80";"0";"514";"1.5000"
"7603";"4";"120";"0";"514";NULL
"7628";"4";"75";"0";"515";"55.9500"
"7629";"4";"76";"0";"515";NULL
"7630";"4";"80";"0";"515";"1.5000"
"7631";"4";"120";"0";"515";NULL
"7635";"4";"75";"0";"516";"55.9500"
"7636";"4";"76";"0";"516";NULL
"7637";"4";"80";"0";"516";"1.5000"
"7638";"4";"120";"0";"516";NULL
"7675";"4";"80";"0";"517";"1.0000"
"7676";"4";"75";"0";"517";"26.9500"
"7677";"4";"76";"0";"517";NULL
"7678";"4";"120";"0";"517";NULL
"7682";"4";"80";"0";"518";"1.0000"
"7683";"4";"75";"0";"518";"36.9500"
"7684";"4";"76";"0";"518";NULL
"7685";"4";"120";"0";"518";NULL
"7722";"4";"80";"0";"519";"2.0000"
"7723";"4";"75";"0";"519";"99.9000"
"7724";"4";"76";"0";"519";"75.9500"
"7725";"4";"120";"0";"519";NULL
"7732";"4";"80";"0";"520";"2.0000"
"7733";"4";"75";"0";"520";"69.8000"
"7734";"4";"76";"0";"520";"51.9500"
"7735";"4";"120";"0";"520";NULL
"8006";"4";"80";"0";"521";"0.5000"
"8007";"4";"75";"0";"521";"17.9500"
"8008";"4";"76";"0";"521";NULL
"8009";"4";"120";"0";"521";NULL
"8055";"4";"80";"0";"522";"1.0000"
"8056";"4";"75";"0";"522";"99.9500"
"8057";"4";"76";"0";"522";NULL
"8058";"4";"120";"0";"522";NULL
"8086";"4";"80";"0";"523";"0.5000"
"8087";"4";"75";"0";"523";"22.9500"
"8088";"4";"76";"0";"523";"19.9500"
"8089";"4";"120";"0";"523";NULL
"8108";"4";"80";"0";"524";"0.5000"
"8109";"4";"75";"0";"524";"26.9500"
"8110";"4";"76";"0";"524";NULL
"8111";"4";"120";"0";"524";NULL
"8166";"4";"80";"0";"525";"0.3000"
"8167";"4";"75";"0";"525";"9.9500"
"8168";"4";"76";"0";"525";NULL
"8169";"4";"120";"0";"525";NULL
"8210";"4";"80";"0";"526";"0.1000"
"8211";"4";"75";"0";"526";"6.5000"
"8212";"4";"76";"0";"526";"1.5000"
"8213";"4";"120";"0";"526";NULL
"8229";"4";"80";"0";"527";"0.5000"
"8230";"4";"75";"0";"527";"29.9500"
"8231";"4";"76";"0";"527";NULL
"8232";"4";"120";"0";"527";NULL
"8284";"4";"80";"0";"528";"2.0000"
"8285";"4";"75";"0";"528";"111.9000"
"8286";"4";"76";"0";"528";"89.9500"
"8287";"4";"120";"0";"528";NULL
"8300";"4";"80";"0";"529";"1.0000"
"8301";"4";"75";"0";"529";"79.9500"
"8302";"4";"76";"0";"529";"64.9500"
"8303";"4";"120";"0";"529";NULL
"8319";"4";"80";"0";"530";"2.0000"
"8320";"4";"75";"0";"530";"111.9000"
"8321";"4";"76";"0";"530";"79.9500"
"8322";"4";"120";"0";"530";NULL
"8329";"4";"80";"0";"531";"2.0000"
"8330";"4";"75";"0";"531";"111.9000"
"8331";"4";"76";"0";"531";"79.9500"
"8332";"4";"120";"0";"531";NULL
"8342";"4";"80";"0";"532";"0.5000"
"8343";"4";"75";"0";"532";"25.9500"
"8344";"4";"76";"0";"532";"21.9500"
"8345";"4";"120";"0";"532";NULL
"8361";"4";"80";"0";"533";"2.0000"
"8362";"4";"75";"0";"533";"111.9000"
"8363";"4";"76";"0";"533";"89.9500"
"8364";"4";"120";"0";"533";NULL
"8392";"4";"80";"0";"534";"2.0000"
"8393";"4";"75";"0";"534";"99.9500"
"8394";"4";"76";"0";"534";NULL
"8395";"4";"120";"0";"534";NULL
"8417";"4";"80";"0";"535";"1.0000"
"8418";"4";"75";"0";"535";"69.9500"
"8419";"4";"76";"0";"535";NULL
"8420";"4";"120";"0";"535";NULL
"8434";"4";"80";"0";"536";"1.0000"
"8435";"4";"75";"0";"536";"59.9500"
"8436";"4";"76";"0";"536";NULL
"8437";"4";"120";"0";"536";NULL
"8480";"4";"80";"0";"537";"0.5000"
"8481";"4";"75";"0";"537";"55.9500"
"8482";"4";"76";"0";"537";NULL
"8483";"4";"120";"0";"537";NULL
"8490";"4";"80";"0";"538";"0.5000"
"8491";"4";"75";"0";"538";"55.9500"
"8492";"4";"76";"0";"538";NULL
"8493";"4";"120";"0";"538";NULL
"8527";"4";"80";"0";"539";"0.5000"
"8528";"4";"75";"0";"539";"39.9500"
"8529";"4";"76";"0";"539";"39.9500"
"8530";"4";"120";"0";"539";NULL
"8541";"4";"80";"0";"540";"0.5000"
"8542";"4";"75";"0";"540";"39.9500"
"8543";"4";"76";"0";"540";"39.9500"
"8544";"4";"120";"0";"540";NULL
"8554";"4";"80";"0";"541";"0.5000"
"8555";"4";"75";"0";"541";"39.9500"
"8556";"4";"76";"0";"541";"39.9500"
"8557";"4";"120";"0";"541";NULL
"8561";"4";"80";"0";"542";"0.5000"
"8562";"4";"75";"0";"542";"35.9500"
"8563";"4";"76";"0";"542";NULL
"8564";"4";"120";"0";"542";NULL
"8568";"4";"80";"0";"543";"0.5000"
"8569";"4";"75";"0";"543";"39.9500"
"8570";"4";"76";"0";"543";NULL
"8571";"4";"120";"0";"543";NULL
"8575";"4";"80";"0";"544";"0.5000"
"8576";"4";"75";"0";"544";"39.9500"
"8577";"4";"76";"0";"544";NULL
"8578";"4";"120";"0";"544";NULL
"8582";"4";"80";"0";"545";"0.5000"
"8583";"4";"75";"0";"545";"39.9500"
"8584";"4";"76";"0";"545";NULL
"8585";"4";"120";"0";"545";NULL
"8589";"4";"80";"0";"546";"0.5000"
"8590";"4";"75";"0";"546";"39.9500"
"8591";"4";"76";"0";"546";NULL
"8592";"4";"120";"0";"546";NULL
"8599";"4";"80";"0";"547";"0.5000"
"8600";"4";"75";"0";"547";"39.9500"
"8601";"4";"76";"0";"547";NULL
"8602";"4";"120";"0";"547";NULL
"8609";"4";"80";"0";"548";"1.0000"
"8610";"4";"75";"0";"548";"59.9500"
"8611";"4";"76";"0";"548";NULL
"8612";"4";"120";"0";"548";NULL
"8616";"4";"80";"0";"549";"0.5000"
"8617";"4";"75";"0";"549";"65.9500"
"8618";"4";"76";"0";"549";NULL
"8619";"4";"120";"0";"549";NULL
"8629";"4";"80";"0";"550";"0.5000"
"8630";"4";"75";"0";"550";"62.9500"
"8631";"4";"76";"0";"550";NULL
"8632";"4";"120";"0";"550";NULL
"8645";"4";"80";"0";"551";"0.5000"
"8646";"4";"75";"0";"551";"62.9500"
"8647";"4";"76";"0";"551";NULL
"8648";"4";"120";"0";"551";NULL
"8655";"4";"80";"0";"552";"0.5000"
"8656";"4";"75";"0";"552";"55.9500"
"8657";"4";"76";"0";"552";NULL
"8658";"4";"120";"0";"552";NULL
"8671";"4";"80";"0";"553";"0.5000"
"8672";"4";"75";"0";"553";"39.9500"
"8673";"4";"76";"0";"553";NULL
"8674";"4";"120";"0";"553";NULL
"8684";"4";"80";"0";"554";"0.5000"
"8685";"4";"75";"0";"554";"39.9500"
"8686";"4";"76";"0";"554";NULL
"8687";"4";"120";"0";"554";NULL
"8739";"4";"80";"0";"555";"1.0000"
"8740";"4";"75";"0";"555";"89.9500"
"8741";"4";"76";"0";"555";"85.9500"
"8742";"4";"120";"0";"555";NULL
"8825";"4";"80";"0";"556";"1.5000"
"8826";"4";"75";"0";"556";"89.9500"
"8827";"4";"76";"0";"556";NULL
"8828";"4";"120";"0";"556";NULL
"8940";"4";"80";"0";"557";"2.0000"
"8941";"4";"75";"0";"557";"108.9500"
"8942";"4";"76";"0";"557";NULL
"8943";"4";"120";"0";"557";NULL
"8963";"4";"80";"0";"558";"0.8000"
"8964";"4";"75";"0";"558";"54.9500"
"8965";"4";"76";"0";"558";NULL
"8966";"4";"120";"0";"558";NULL
"8970";"4";"80";"0";"559";"1.5000"
"8971";"4";"75";"0";"559";"65.9500"
"8972";"4";"76";"0";"559";NULL
"8973";"4";"120";"0";"559";NULL
"9004";"4";"80";"0";"560";"1.5000"
"9005";"4";"75";"0";"560";"54.9500"
"9006";"4";"76";"0";"560";NULL
"9007";"4";"120";"0";"560";NULL
"9039";"4";"80";"0";"561";"2.0000"
"9040";"4";"75";"0";"561";"108.9500"
"9041";"4";"76";"0";"561";NULL
"9042";"4";"120";"0";"561";NULL
"9052";"4";"80";"0";"562";"0.5000"
"9053";"4";"75";"0";"562";"13.9500"
"9054";"4";"76";"0";"562";NULL
"9055";"4";"120";"0";"562";NULL
"9101";"4";"80";"0";"563";"1.5000"
"9102";"4";"75";"0";"563";"65.9500"
"9103";"4";"76";"0";"563";NULL
"9104";"4";"120";"0";"563";NULL
"9120";"4";"80";"0";"564";"1.0000"
"9121";"4";"75";"0";"564";"42.9500"
"9122";"4";"76";"0";"564";NULL
"9123";"4";"120";"0";"564";NULL
"9175";"4";"80";"0";"565";"0.6000"
"9176";"4";"75";"0";"565";"38.0000"
"9177";"4";"76";"0";"565";NULL
"9178";"4";"120";"0";"565";NULL
"9183";"4";"80";"0";"566";"0.8000"
"9184";"4";"75";"0";"566";"55.9500"
"9185";"4";"76";"0";"566";NULL
"9186";"4";"120";"0";"566";NULL
"9215";"4";"80";"0";"567";"0.5000"
"9216";"4";"75";"0";"567";"28.9500"
"9217";"4";"76";"0";"567";NULL
"9218";"4";"120";"0";"567";NULL
"9222";"4";"80";"0";"568";"0.8000"
"9223";"4";"75";"0";"568";"26.9500"
"9224";"4";"76";"0";"568";NULL
"9225";"4";"120";"0";"568";NULL
"9239";"4";"80";"0";"569";"0.5000"
"9240";"4";"75";"0";"569";"53.9500"
"9241";"4";"76";"0";"569";NULL
"9242";"4";"120";"0";"569";NULL
"9252";"4";"80";"0";"570";"0.5000"
"9253";"4";"75";"0";"570";"53.9500"
"9254";"4";"76";"0";"570";NULL
"9255";"4";"120";"0";"570";NULL
"9268";"4";"80";"0";"571";"0.5000"
"9269";"4";"75";"0";"571";"26.9500"
"9270";"4";"76";"0";"571";NULL
"9271";"4";"120";"0";"571";NULL
"9288";"4";"80";"0";"572";"0.5000"
"9289";"4";"75";"0";"572";"39.9500"
"9290";"4";"76";"0";"572";"39.9500"
"9291";"4";"120";"0";"572";NULL
"9316";"4";"80";"0";"573";"0.3000"
"9317";"4";"75";"0";"573";"10.9500"
"9318";"4";"76";"0";"573";NULL
"9319";"4";"120";"0";"573";NULL
"9416";"4";"80";"0";"574";"1.5000"
"9417";"4";"75";"0";"574";"85.9500"
"9418";"4";"76";"0";"574";"79.9500"
"9419";"4";"120";"0";"574";NULL
"9426";"4";"80";"0";"575";"0.2000"
"9427";"4";"75";"0";"575";"4.7500"
"9428";"4";"76";"0";"575";NULL
"9429";"4";"120";"0";"575";NULL
"9445";"4";"80";"0";"576";"1.0000"
"9446";"4";"75";"0";"576";"84.9500"
"9447";"4";"76";"0";"576";NULL
"9448";"4";"120";"0";"576";NULL
"9458";"4";"80";"0";"577";"1.0000"
"9459";"4";"75";"0";"577";"71.9500"
"9460";"4";"76";"0";"577";"64.9500"
"9461";"4";"120";"0";"577";NULL
"9471";"4";"80";"0";"578";"1.0000"
"9472";"4";"75";"0";"578";"71.9500"
"9473";"4";"76";"0";"578";"64.9500"
"9474";"4";"120";"0";"578";NULL
"9496";"4";"80";"0";"579";"2.5000"
"9497";"4";"75";"0";"579";"129.9500"
"9498";"4";"76";"0";"579";"114.9500"
"9499";"4";"120";"0";"579";NULL
"9593";"4";"80";"0";"580";"2.5000"
"9594";"4";"75";"0";"580";"119.9500"
"9595";"4";"76";"0";"580";"99.9500"
"9596";"4";"120";"0";"580";NULL
"9609";"4";"80";"0";"581";"1.0000"
"9610";"4";"75";"0";"581";"59.9500"
"9611";"4";"76";"0";"581";NULL
"9612";"4";"120";"0";"581";NULL
"9628";"4";"75";"0";"582";"59.9500"
"9629";"4";"76";"0";"582";NULL
"9630";"4";"80";"0";"582";"1.0000"
"9631";"4";"120";"0";"582";NULL
"9669";"4";"75";"0";"584";"26.9500"
"9670";"4";"76";"0";"584";NULL
"9671";"4";"80";"0";"584";"0.8000"
"9672";"4";"120";"0";"584";NULL
"9704";"4";"80";"0";"585";"1.2000"
"9705";"4";"75";"0";"585";"63.9500"
"9706";"4";"76";"0";"585";"49.9500"
"9707";"4";"120";"0";"585";NULL
"9717";"4";"80";"0";"586";"1.0000"
"9718";"4";"75";"0";"586";"59.9500"
"9719";"4";"76";"0";"586";NULL
"9720";"4";"120";"0";"586";NULL
"9746";"4";"75";"0";"587";"99.9500"
"9747";"4";"76";"0";"587";"79.9500"
"9748";"4";"80";"0";"587";"1.0000"
"9749";"4";"120";"0";"587";NULL
"9861";"4";"75";"0";"588";"31.9500"
"9862";"4";"76";"0";"588";NULL
"9863";"4";"80";"0";"588";"0.8000"
"9864";"4";"120";"0";"588";NULL
"9950";"4";"80";"0";"589";"1.0000"
"9951";"4";"75";"0";"589";"59.9500"
"9952";"4";"76";"0";"589";"44.9500"
"9953";"4";"120";"0";"589";NULL
"10038";"4";"75";"0";"590";"59.9500"
"10039";"4";"76";"0";"590";"49.9500"
"10040";"4";"80";"0";"590";"1.0000"
"10041";"4";"120";"0";"590";NULL
"10057";"4";"75";"0";"591";"149.9500"
"10058";"4";"76";"0";"591";"179.9500"
"10059";"4";"80";"0";"591";"3.0000"
"10060";"4";"120";"0";"591";NULL
"10088";"4";"80";"0";"592";"1.0000"
"10089";"4";"75";"0";"592";"69.9500"
"10090";"4";"76";"0";"592";NULL
"10091";"4";"120";"0";"592";NULL
"10104";"4";"80";"0";"593";"1.0000"
"10105";"4";"75";"0";"593";"69.9500"
"10106";"4";"76";"0";"593";NULL
"10107";"4";"120";"0";"593";NULL
"10141";"4";"80";"0";"594";"1.0000"
"10142";"4";"75";"0";"594";"59.9500"
"10143";"4";"76";"0";"594";"69.9500"
"10144";"4";"120";"0";"594";NULL
"10229";"4";"75";"0";"595";"59.9500"
"10230";"4";"76";"0";"595";"49.9500"
"10231";"4";"80";"0";"595";"1.0000"
"10232";"4";"120";"0";"595";NULL
"10236";"4";"80";"0";"596";"1.0000"
"10237";"4";"75";"0";"596";"69.9500"
"10238";"4";"76";"0";"596";"48.9500"
"10239";"4";"120";"0";"596";NULL
"10246";"4";"80";"0";"597";"1.2000"
"10247";"4";"75";"0";"597";"63.9500"
"10248";"4";"76";"0";"597";"54.9500"
"10249";"4";"120";"0";"597";NULL
"10298";"4";"80";"0";"598";"1.0000"
"10299";"4";"75";"0";"598";"22.9500"
"10300";"4";"76";"0";"598";NULL
"10301";"4";"120";"0";"598";NULL
"10314";"4";"80";"0";"599";"0.5000"
"10315";"4";"75";"0";"599";"15.9500"
"10316";"4";"76";"0";"599";NULL
"10317";"4";"120";"0";"599";NULL
"10321";"4";"80";"0";"600";"1.0000"
"10322";"4";"75";"0";"600";"21.9500"
"10323";"4";"76";"0";"600";NULL
"10324";"4";"120";"0";"600";NULL
"10367";"4";"80";"0";"601";"1.2000"
"10368";"4";"75";"0";"601";"48.9500"
"10369";"4";"76";"0";"601";NULL
"10370";"4";"120";"0";"601";NULL
"10386";"4";"80";"0";"602";"0.5000"
"10387";"4";"75";"0";"602";"28.9500"
"10388";"4";"76";"0";"602";NULL
"10389";"4";"120";"0";"602";NULL
"10396";"4";"80";"0";"603";"1.2000"
"10397";"4";"75";"0";"603";"41.9500"
"10398";"4";"76";"0";"603";NULL
"10399";"4";"120";"0";"603";NULL
"10538";"4";"75";"0";"604";"55.9500"
"10539";"4";"76";"0";"604";"39.9500"
"10540";"4";"80";"0";"604";"1.0000"
"10541";"4";"120";"0";"604";NULL
"10551";"4";"75";"0";"605";"55.9500"
"10552";"4";"76";"0";"605";"47.9500"
"10553";"4";"80";"0";"605";"1.0000"
"10554";"4";"120";"0";"605";NULL
"10609";"4";"75";"0";"606";"99.9500"
"10610";"4";"76";"0";"606";NULL
"10611";"4";"80";"0";"606";"1.5000"
"10612";"4";"120";"0";"606";NULL
"10730";"4";"75";"0";"607";"49.9500"
"10731";"4";"76";"0";"607";NULL
"10732";"4";"80";"0";"607";"0.8000"
"10733";"4";"120";"0";"607";NULL
"10740";"4";"75";"0";"608";"99.9000"
"10741";"4";"76";"0";"608";"89.9500"
"10742";"4";"80";"0";"608";"2.0000"
"10743";"4";"120";"0";"608";NULL
"10786";"4";"75";"0";"609";"99.9500"
"10787";"4";"76";"0";"609";"79.9500"
"10788";"4";"80";"0";"609";"1.0000"
"10789";"4";"120";"0";"609";NULL
"10802";"4";"80";"0";"610";"1.5000"
"10803";"4";"75";"0";"610";"54.9500"
"10804";"4";"76";"0";"610";NULL
"10805";"4";"120";"0";"610";NULL
"10818";"4";"75";"0";"611";"54.9500"
"10819";"4";"76";"0";"611";"49.9500"
"10820";"4";"80";"0";"611";"1.5000"
"10821";"4";"120";"0";"611";NULL
"10912";"4";"75";"0";"612";"189.9500"
"10913";"4";"76";"0";"612";NULL
"10914";"4";"80";"0";"612";"7.0000"
"10915";"4";"120";"0";"612";NULL
"10953";"4";"75";"0";"613";"79.9500"
"10954";"4";"76";"0";"613";"59.9500"
"10955";"4";"80";"0";"613";"1.0000"
"10956";"4";"120";"0";"613";NULL
"10978";"4";"80";"0";"614";"0.1000"
"10979";"4";"75";"0";"614";"20.0000"
"10980";"4";"76";"0";"614";NULL
"10981";"4";"120";"0";"614";NULL
"10997";"4";"75";"0";"615";"129.9500"
"10998";"4";"76";"0";"615";NULL
"10999";"4";"80";"0";"615";"6.5000"
"11000";"4";"120";"0";"615";NULL
"11014";"4";"75";"0";"616";"174.9500"
"11015";"4";"76";"0";"616";NULL
"11016";"4";"80";"0";"616";"6.5000"
"11017";"4";"120";"0";"616";NULL
"11024";"4";"75";"0";"617";"46.9500"
"11025";"4";"76";"0";"617";NULL
"11026";"4";"80";"0";"617";"0.8000"
"11027";"4";"120";"0";"617";NULL
"11031";"4";"75";"0";"618";"55.9500"
"11032";"4";"76";"0";"618";NULL
"11033";"4";"80";"0";"618";"1.0000"
"11034";"4";"120";"0";"618";NULL
"11048";"4";"75";"0";"619";"64.9500"
"11049";"4";"76";"0";"619";NULL
"11050";"4";"80";"0";"619";"1.0000"
"11051";"4";"120";"0";"619";NULL
"11139";"4";"80";"0";"620";"0.5000"
"11140";"4";"75";"0";"620";"19.9500"
"11141";"4";"76";"0";"620";NULL
"11142";"4";"120";"0";"620";NULL
"11182";"4";"80";"0";"621";"0.3000"
"11183";"4";"75";"0";"621";"7.9500"
"11184";"4";"76";"0";"621";NULL
"11185";"4";"120";"0";"621";NULL
"11234";"4";"80";"0";"622";"0.5000"
"11235";"4";"75";"0";"622";"17.9500"
"11236";"4";"76";"0";"622";NULL
"11237";"4";"120";"0";"622";NULL
"11278";"4";"80";"0";"623";"1.0000"
"11279";"4";"75";"0";"623";"25.9500"
"11280";"4";"76";"0";"623";"22.9500"
"11281";"4";"120";"0";"623";NULL
"11285";"4";"80";"0";"624";"1.0000"
"11286";"4";"75";"0";"624";"24.9500"
"11287";"4";"76";"0";"624";NULL
"11288";"4";"120";"0";"624";NULL
"11331";"4";"80";"0";"625";"0.5000"
"11332";"4";"75";"0";"625";"19.9500"
"11333";"4";"76";"0";"625";NULL
"11334";"4";"120";"0";"625";NULL
"11338";"4";"80";"0";"626";"1.0000"
"11339";"4";"75";"0";"626";"18.9500"
"11340";"4";"76";"0";"626";NULL
"11341";"4";"120";"0";"626";NULL
"11348";"4";"80";"0";"627";"1.0000"
"11349";"4";"75";"0";"627";"24.9500"
"11350";"4";"76";"0";"627";NULL
"11351";"4";"120";"0";"627";NULL
"11358";"4";"80";"0";"628";"0.4000"
"11359";"4";"75";"0";"628";"17.9500"
"11360";"4";"76";"0";"628";NULL
"11361";"4";"120";"0";"628";NULL
"11368";"4";"75";"0";"629";"21.9500"
"11369";"4";"76";"0";"629";NULL
"11370";"4";"80";"0";"629";"0.5000"
"11371";"4";"120";"0";"629";NULL
"11402";"4";"80";"0";"630";"0.5000"
"11403";"4";"75";"0";"630";"19.9500"
"11404";"4";"76";"0";"630";NULL
"11405";"4";"120";"0";"630";NULL
"11412";"4";"80";"0";"631";"0.5000"
"11413";"4";"75";"0";"631";"26.9500"
"11414";"4";"76";"0";"631";NULL
"11415";"4";"120";"0";"631";NULL
"11423";"4";"75";"0";"632";"18.9500"
"11424";"4";"76";"0";"632";NULL
"11425";"4";"80";"0";"632";"0.5000"
"11426";"4";"120";"0";"632";NULL
"11454";"4";"75";"0";"633";"35.9500"
"11455";"4";"76";"0";"633";NULL
"11456";"4";"80";"0";"633";"0.5000"
"11457";"4";"120";"0";"633";NULL
"11467";"4";"75";"0";"634";"35.9500"
"11468";"4";"76";"0";"634";NULL
"11469";"4";"80";"0";"634";"0.5000"
"11470";"4";"120";"0";"634";NULL
"11495";"4";"75";"0";"635";"25.9500"
"11496";"4";"76";"0";"635";NULL
"11497";"4";"80";"0";"635";"0.5000"
"11498";"4";"120";"0";"635";NULL
"11502";"4";"75";"0";"636";"22.9500"
"11503";"4";"76";"0";"636";NULL
"11504";"4";"80";"0";"636";"0.5000"
"11505";"4";"120";"0";"636";NULL
"11629";"4";"75";"0";"637";"7.0000"
"11630";"4";"76";"0";"637";NULL
"11631";"4";"80";"0";"637";"0.3500"
"11632";"4";"120";"0";"637";NULL
"11783";"4";"75";"0";"638";"29.4500"
"11784";"4";"76";"0";"638";"24.9500"
"11785";"4";"80";"0";"638";"1.0000"
"11786";"4";"120";"0";"638";NULL
"11818";"4";"75";"0";"639";"39.9500"
"11819";"4";"76";"0";"639";NULL
"11820";"4";"80";"0";"639";"1.5000"
"11821";"4";"120";"0";"639";NULL
"11844";"4";"80";"0";"640";"1.5000"
"11845";"4";"75";"0";"640";"39.9500"
"11846";"4";"76";"0";"640";NULL
"11847";"4";"120";"0";"640";NULL
"11876";"4";"75";"0";"641";"35.9500"
"11877";"4";"76";"0";"641";NULL
"11878";"4";"80";"0";"641";"0.5000"
"11879";"4";"120";"0";"641";NULL
"11883";"4";"75";"0";"642";"35.9500"
"11884";"4";"76";"0";"642";NULL
"11885";"4";"80";"0";"642";"0.5000"
"11886";"4";"120";"0";"642";NULL
"11896";"4";"75";"0";"643";"33.9500"
"11897";"4";"76";"0";"643";NULL
"11898";"4";"80";"0";"643";"0.5000"
"11899";"4";"120";"0";"643";NULL
"11903";"4";"75";"0";"644";"35.9500"
"11904";"4";"76";"0";"644";NULL
"11905";"4";"80";"0";"644";"0.5000"
"11906";"4";"120";"0";"644";NULL
"11976";"4";"75";"0";"645";"199.9500"
"11977";"4";"76";"0";"645";"169.9500"
"11978";"4";"80";"0";"645";"1.5000"
"11979";"4";"120";"0";"645";NULL
"11983";"4";"80";"0";"646";"1.0000"
"11984";"4";"75";"0";"646";"99.9500"
"11985";"4";"76";"0";"646";"89.9500"
"11986";"4";"120";"0";"646";NULL
"12020";"4";"75";"0";"647";"99.9500"
"12021";"4";"76";"0";"647";"89.9500"
"12022";"4";"80";"0";"647";"1.0000"
"12023";"4";"120";"0";"647";NULL
"12027";"4";"75";"0";"648";"199.9500"
"12028";"4";"76";"0";"648";"169.9500"
"12029";"4";"80";"0";"648";"1.5000"
"12030";"4";"120";"0";"648";NULL
"12034";"4";"75";"0";"649";"69.9500"
"12035";"4";"76";"0";"649";NULL
"12036";"4";"80";"0";"649";"1.0000"
"12037";"4";"120";"0";"649";NULL
"12065";"4";"75";"0";"650";"64.9500"
"12066";"4";"76";"0";"650";NULL
"12067";"4";"80";"0";"650";"1.0000"
"12068";"4";"120";"0";"650";NULL
"12072";"4";"75";"0";"651";"129.9500"
"12073";"4";"76";"0";"651";NULL
"12074";"4";"80";"0";"651";"1.5000"
"12075";"4";"120";"0";"651";NULL
"12088";"4";"75";"0";"652";"49.9500"
"12089";"4";"76";"0";"652";NULL
"12090";"4";"80";"0";"652";"0.8000"
"12091";"4";"120";"0";"652";NULL
"12098";"4";"75";"0";"653";"99.9500"
"12099";"4";"76";"0";"653";"69.9500"
"12100";"4";"80";"0";"653";"1.0000"
"12101";"4";"120";"0";"653";NULL
"12117";"4";"75";"0";"654";"199.9500"
"12118";"4";"76";"0";"654";"149.9500"
"12119";"4";"80";"0";"654";"1.5000"
"12120";"4";"120";"0";"654";NULL
"12136";"4";"75";"0";"655";"109.9500"
"12137";"4";"76";"0";"655";NULL
"12138";"4";"80";"0";"655";"2.5000"
"12139";"4";"120";"0";"655";NULL
"12146";"4";"80";"0";"656";"1.5000"
"12147";"4";"75";"0";"656";"54.9500"
"12148";"4";"76";"0";"656";NULL
"12149";"4";"120";"0";"656";NULL
"12219";"4";"80";"0";"657";"1.0000"
"12220";"4";"75";"0";"657";"79.9500"
"12221";"4";"76";"0";"657";NULL
"12222";"4";"120";"0";"657";NULL
"12310";"4";"80";"0";"658";"1.0000"
"12311";"4";"75";"0";"658";"59.9500"
"12312";"4";"76";"0";"658";NULL
"12313";"4";"120";"0";"658";NULL
"12317";"4";"80";"0";"659";"0.5000"
"12318";"4";"75";"0";"659";"20.7500"
"12319";"4";"76";"0";"659";NULL
"12320";"4";"120";"0";"659";NULL
"12333";"4";"80";"0";"660";"0.5000"
"12334";"4";"75";"0";"660";"42.7000"
"12335";"4";"76";"0";"660";NULL
"12336";"4";"120";"0";"660";NULL
"12337";"4";"80";"0";"661";"0.5000"
"12338";"4";"75";"0";"661";"27.7000"
"12339";"4";"76";"0";"661";NULL
"12340";"4";"120";"0";"661";NULL
"12356";"4";"80";"0";"662";"0.5000"
"12357";"4";"75";"0";"662";"33.7000"
"12358";"4";"76";"0";"662";NULL
"12359";"4";"120";"0";"662";NULL
"12384";"4";"80";"0";"663";"0.5000"
"12385";"4";"75";"0";"663";"29.7000"
"12386";"4";"76";"0";"663";NULL
"12387";"4";"120";"0";"663";NULL
"12400";"4";"80";"0";"664";"0.5000"
"12401";"4";"75";"0";"664";"33.7000"
"12402";"4";"76";"0";"664";NULL
"12403";"4";"120";"0";"664";NULL
"12434";"4";"80";"0";"665";"1.0000"
"12435";"4";"75";"0";"665";"119.9500"
"12436";"4";"76";"0";"665";"99.9500"
"12437";"4";"120";"0";"665";NULL
"12456";"4";"75";"0";"666";"129.9500"
"12457";"4";"76";"0";"666";"109.9500"
"12458";"4";"80";"0";"666";"1.0000"
"12459";"4";"120";"0";"666";NULL
"12466";"4";"75";"0";"667";"129.9500"
"12467";"4";"76";"0";"667";"109.9500"
"12468";"4";"80";"0";"667";"6.5000"
"12469";"4";"120";"0";"667";NULL
"12503";"4";"75";"0";"668";"69.9500"
"12504";"4";"76";"0";"668";NULL
"12505";"4";"80";"0";"668";"1.0000"
"12506";"4";"120";"0";"668";NULL
"12513";"4";"75";"0";"669";"59.9500"
"12514";"4";"76";"0";"669";NULL
"12515";"4";"80";"0";"669";"1.0000"
"12516";"4";"120";"0";"669";NULL
"12590";"4";"75";"0";"670";"84.9500"
"12591";"4";"76";"0";"670";NULL
"12592";"4";"80";"0";"670";"1.5000"
"12593";"4";"120";"0";"670";NULL
"12613";"4";"80";"0";"671";"1.5000"
"12614";"4";"75";"0";"671";"119.9500"
"12615";"4";"76";"0";"671";"99.9500"
"12616";"4";"120";"0";"671";NULL
"12629";"4";"80";"0";"672";"8.0000"
"12630";"4";"75";"0";"672";"119.9500"
"12631";"4";"76";"0";"672";"79.9500"
"12632";"4";"120";"0";"672";NULL
"12678";"4";"75";"0";"673";"84.9500"
"12679";"4";"76";"0";"673";"79.9500"
"12680";"4";"80";"0";"673";"1.5000"
"12681";"4";"120";"0";"673";NULL
"12697";"4";"75";"0";"674";"79.9500"
"12698";"4";"76";"0";"674";NULL
"12699";"4";"80";"0";"674";"1.0000"
"12700";"4";"120";"0";"674";NULL
"12788";"4";"75";"0";"675";"35.9500"
"12789";"4";"76";"0";"675";NULL
"12790";"4";"80";"0";"675";"0.5000"
"12791";"4";"120";"0";"675";NULL
"12798";"4";"75";"0";"676";"35.9500"
"12799";"4";"76";"0";"676";NULL
"12800";"4";"80";"0";"676";"0.5000"
"12801";"4";"120";"0";"676";NULL
"12808";"4";"75";"0";"677";"62.8500"
"12809";"4";"76";"0";"677";"45.9500"
"12810";"4";"80";"0";"677";"0.5000"
"12811";"4";"120";"0";"677";NULL
"12821";"4";"75";"0";"678";"62.8500"
"12822";"4";"76";"0";"678";"45.9500"
"12823";"4";"80";"0";"678";"0.5000"
"12824";"4";"120";"0";"678";NULL
"12828";"4";"75";"0";"679";"47.8500"
"12829";"4";"76";"0";"679";"38.9500"
"12830";"4";"80";"0";"679";"0.5000"
"12831";"4";"120";"0";"679";NULL
"12835";"4";"75";"0";"680";"44.8500"
"12836";"4";"76";"0";"680";"37.9500"
"12837";"4";"80";"0";"680";"0.5000"
"12838";"4";"120";"0";"680";NULL
"12842";"4";"75";"0";"681";"62.8500"
"12843";"4";"76";"0";"681";"45.9500"
"12844";"4";"80";"0";"681";"0.5000"
"12845";"4";"120";"0";"681";NULL
"12864";"4";"75";"0";"682";"35.9500"
"12865";"4";"76";"0";"682";NULL
"12866";"4";"80";"0";"682";"0.5000"
"12867";"4";"120";"0";"682";NULL
"12871";"4";"75";"0";"683";"35.9500"
"12872";"4";"76";"0";"683";NULL
"12873";"4";"80";"0";"683";"0.5000"
"12874";"4";"120";"0";"683";NULL
"12878";"4";"75";"0";"684";"35.9500"
"12879";"4";"76";"0";"684";NULL
"12880";"4";"80";"0";"684";"0.5000"
"12881";"4";"120";"0";"684";NULL
"12885";"4";"75";"0";"685";"35.9500"
"12886";"4";"76";"0";"685";NULL
"12887";"4";"80";"0";"685";"0.5000"
"12888";"4";"120";"0";"685";NULL
"12898";"4";"75";"0";"686";"35.9500"
"12899";"4";"76";"0";"686";NULL
"12900";"4";"80";"0";"686";"0.5000"
"12901";"4";"120";"0";"686";NULL
"12905";"4";"75";"0";"687";"35.9500"
"12906";"4";"76";"0";"687";NULL
"12907";"4";"80";"0";"687";"0.5000"
"12908";"4";"120";"0";"687";NULL
"12924";"4";"75";"0";"688";"79.9500"
"12925";"4";"76";"0";"688";"64.9500"
"12926";"4";"80";"0";"688";"1.0000"
"12927";"4";"120";"0";"688";NULL
"12946";"4";"75";"0";"689";"35.9500"
"12947";"4";"76";"0";"689";NULL
"12948";"4";"80";"0";"689";"0.5000"
"12949";"4";"120";"0";"689";NULL
"12953";"4";"75";"0";"690";"35.9500"
"12954";"4";"76";"0";"690";NULL
"12955";"4";"80";"0";"690";"0.5000"
"12956";"4";"120";"0";"690";NULL
"12960";"4";"75";"0";"691";"35.9500"
"12961";"4";"76";"0";"691";NULL
"12962";"4";"80";"0";"691";"0.5000"
"12963";"4";"120";"0";"691";NULL
"13021";"4";"75";"0";"692";"81.9500"
"13022";"4";"76";"0";"692";"65.9500"
"13023";"4";"80";"0";"692";"3.0000"
"13024";"4";"120";"0";"692";NULL
"13047";"4";"75";"0";"693";"29.9500"
"13048";"4";"76";"0";"693";NULL
"13049";"4";"80";"0";"693";"2.0000"
"13050";"4";"120";"0";"693";NULL
"13217";"4";"80";"0";"694";"0.5000"
"13218";"4";"75";"0";"694";"45.9500"
"13219";"4";"76";"0";"694";"37.9500"
"13220";"4";"120";"0";"694";NULL
"13224";"4";"80";"0";"695";"0.5000"
"13225";"4";"75";"0";"695";"45.9500"
"13226";"4";"76";"0";"695";"37.9500"
"13227";"4";"120";"0";"695";NULL
"13231";"4";"80";"0";"696";"0.5000"
"13232";"4";"75";"0";"696";"45.9500"
"13233";"4";"76";"0";"696";"37.9500"
"13234";"4";"120";"0";"696";NULL
"13241";"4";"80";"0";"697";"0.5000"
"13242";"4";"75";"0";"697";"45.9500"
"13243";"4";"76";"0";"697";"37.9500"
"13244";"4";"120";"0";"697";NULL
"13248";"4";"80";"0";"698";"0.5000"
"13249";"4";"75";"0";"698";"6.9500"
"13250";"4";"76";"0";"698";NULL
"13251";"4";"120";"0";"698";NULL
"13261";"4";"80";"0";"699";"0.5000"
"13262";"4";"75";"0";"699";"9.9500"
"13263";"4";"76";"0";"699";NULL
"13264";"4";"120";"0";"699";NULL
"13268";"4";"80";"0";"700";"0.5000"
"13269";"4";"75";"0";"700";"16.9500"
"13270";"4";"76";"0";"700";NULL
"13271";"4";"120";"0";"700";NULL
"13275";"4";"80";"0";"701";"0.5000"
"13276";"4";"75";"0";"701";"16.9500"
"13277";"4";"76";"0";"701";NULL
"13278";"4";"120";"0";"701";NULL
"13294";"4";"75";"0";"702";"45.9500"
"13295";"4";"76";"0";"702";"37.9500"
"13296";"4";"80";"0";"702";"0.5000"
"13297";"4";"120";"0";"702";NULL
"13304";"4";"75";"0";"703";"45.9500"
"13305";"4";"76";"0";"703";"37.9500"
"13306";"4";"80";"0";"703";"0.5000"
"13307";"4";"120";"0";"703";NULL
"13314";"4";"75";"0";"704";"45.9500"
"13315";"4";"76";"0";"704";"37.9500"
"13316";"4";"80";"0";"704";"0.5000"
"13317";"4";"120";"0";"704";NULL
"13324";"4";"75";"0";"705";"8.4500"
"13325";"4";"76";"0";"705";NULL
"13326";"4";"80";"0";"705";"0.5000"
"13327";"4";"120";"0";"705";NULL
"13355";"4";"75";"0";"706";"8.4500"
"13356";"4";"76";"0";"706";NULL
"13357";"4";"80";"0";"706";"0.5000"
"13358";"4";"120";"0";"706";NULL
"13362";"4";"75";"0";"707";"13.9500"
"13363";"4";"76";"0";"707";NULL
"13364";"4";"80";"0";"707";"1.0000"
"13365";"4";"120";"0";"707";NULL
