"15";"4";"4";"simple";"123456";"0";"0";"2013-03-12 19:27:53";"2013-03-12 19:40:03"
"16";"4";"4";"simple";"1267";"1";"1";"2013-03-12 19:36:39";"2013-04-16 19:17:06"
"17";"4";"4";"simple";"12434565";"0";"0";"2013-03-12 19:39:21";"2013-03-12 19:39:21"
"18";"4";"4";"simple";"aitoptionstemplate_special_product";"0";"0";"0000-00-00 00:00:00";"0000-00-00 00:00:00"
"26";"4";"4";"simple";"dwgsw-Grey";"0";"0";"2013-03-14 22:28:15";"2013-03-14 22:28:15"
"28";"4";"4";"simple";"124555555";"1";"1";"2013-03-21 18:46:51";"2016-09-23 18:23:10"
"29";"4";"4";"configurable";"dsvvsb";"1";"1";"2013-03-21 18:51:46";"2013-03-21 18:51:46"
"30";"4";"4";"bundle";"345253";"0";"0";"2013-03-21 18:57:58";"2013-03-21 19:09:07"
"32";"4";"4";"simple";"gwagwag";"0";"0";"2013-04-04 21:39:13";"2013-04-05 07:00:40"
"36";"4";"4";"simple";"3014";"1";"1";"2013-04-16 22:08:34";"2016-05-23 21:34:57"
"37";"4";"4";"simple";"3008";"1";"1";"2013-04-16 22:20:41";"2013-04-16 22:27:12"
"39";"4";"4";"simple";"183";"1";"1";"2013-04-18 17:08:25";"2013-12-23 23:01:42"
"41";"4";"4";"simple";"3105";"1";"1";"2013-04-22 23:50:01";"2013-04-23 16:30:33"
"42";"4";"4";"simple";"2031";"1";"1";"2013-04-23 17:32:00";"2013-12-31 00:06:29"
"43";"4";"4";"simple";"2035";"1";"1";"2013-04-23 18:24:16";"2014-01-06 19:28:49"
"44";"4";"4";"simple";"3102";"1";"1";"2013-04-23 23:16:21";"2014-01-03 00:27:40"
"45";"4";"4";"simple";"178";"1";"1";"2013-04-23 23:50:16";"2013-12-24 00:13:19"
"46";"4";"11";"simple";"469";"1";"1";"2013-04-24 15:50:41";"2013-07-16 18:00:34"
"47";"4";"4";"simple";"401";"1";"1";"2013-04-24 17:19:45";"2013-04-24 17:55:36"
"48";"4";"4";"simple";"4100";"1";"0";"2013-04-24 18:18:39";"2013-04-24 18:22:33"
"50";"4";"4";"simple";"P-26";"1";"1";"2013-04-24 22:09:17";"2015-09-15 22:41:13"
"51";"4";"4";"simple";"A-17";"1";"1";"2013-04-24 22:44:28";"2016-11-30 15:25:50"
"52";"4";"4";"simple";"2014";"1";"1";"2013-04-24 23:03:59";"2013-07-24 20:19:00"
"53";"4";"4";"simple";"3003";"1";"1";"2013-04-25 18:09:26";"2014-01-02 23:31:38"
"54";"4";"4";"simple";"3004";"1";"1";"2013-04-25 18:31:07";"2016-05-23 22:11:15"
"55";"4";"4";"simple";"3017";"1";"1";"2013-04-25 18:33:54";"2014-01-02 23:53:40"
"56";"4";"4";"simple";"3010";"1";"1";"2013-04-25 18:43:18";"2016-05-23 21:40:10"
"57";"4";"4";"simple";"3001";"1";"1";"2013-04-25 19:45:27";"2014-01-03 00:04:56"
"58";"4";"4";"simple";"3022";"1";"1";"2013-04-25 19:48:54";"2013-12-27 22:44:31"
"59";"4";"4";"simple";"3005";"1";"1";"2013-04-25 20:10:03";"2013-12-27 22:45:53"
"60";"4";"4";"simple";"3014AerosSet";"1";"1";"2013-04-25 20:15:48";"2016-01-22 18:00:20"
"61";"4";"4";"simple";"3001-fresno";"1";"1";"2013-04-29 16:46:58";"2013-12-27 19:19:22"
"62";"4";"4";"simple";"3022-ottawa";"1";"1";"2013-04-29 21:48:29";"2013-04-29 21:50:47"
"63";"4";"4";"simple";"3004-michigan";"1";"1";"2013-04-29 22:09:30";"2013-07-25 20:39:04"
"64";"4";"4";"simple";"3017-georgia";"1";"1";"2013-04-29 22:12:03";"2013-07-25 20:45:25"
"65";"4";"4";"simple";"3010-hamilton";"1";"1";"2013-04-29 22:21:44";"2013-06-05 23:09:29"
"66";"4";"4";"simple";"3010-madison";"1";"1";"2013-04-29 22:30:19";"2013-04-29 22:32:08"
"67";"4";"4";"simple";"3003-kansas";"1";"1";"2013-04-29 22:32:29";"2013-07-25 20:56:20"
"68";"4";"4";"simple";"3011-Portland";"1";"1";"2013-04-29 22:49:53";"2013-04-29 22:51:47"
"69";"4";"4";"simple";"3005-Highlander";"1";"1";"2013-04-29 22:52:12";"2013-04-29 22:53:38"
"70";"4";"4";"simple";"3107-pinstripe";"1";"1";"2013-04-29 22:55:37";"2013-12-27 23:11:41"
"71";"4";"4";"simple";"kc-6100s";"1";"1";"2013-04-29 23:42:07";"2013-07-29 18:47:57"
"72";"4";"4";"simple";"NF1270";"1";"1";"2013-04-30 23:04:04";"2014-03-28 19:26:41"
"73";"4";"4";"simple";"NW1000";"1";"1";"2013-04-30 23:09:04";"2014-03-28 19:36:19"
"74";"4";"4";"simple";"443-set";"1";"1";"2013-05-01 16:09:15";"2016-02-04 20:25:21"
"75";"4";"4";"simple";"BB6";"1";"1";"2013-05-01 17:01:57";"2013-07-16 18:57:18"
"76";"4";"4";"simple";"HF32320";"1";"1";"2013-05-01 17:02:19";"2013-05-01 17:22:46"
"77";"4";"4";"simple";"HF32370";"1";"1";"2013-05-01 17:39:28";"2013-06-14 16:49:49"
"78";"4";"4";"simple";"BB7";"1";"1";"2013-05-01 17:49:33";"2013-06-10 22:15:24"
"79";"4";"4";"simple";"401-mesh";"1";"1";"2013-05-01 18:01:28";"2014-01-03 23:13:31"
"80";"4";"4";"simple";"BB8";"1";"1";"2013-05-01 18:02:02";"2014-03-28 22:39:53"
"81";"4";"4";"simple";"485 | Phoenix Set";"1";"1";"2013-05-01 19:43:24";"2014-01-03 23:24:52"
"82";"4";"4";"simple";"N2340";"1";"1";"2013-05-01 20:02:46";"2013-07-26 00:00:48"
"83";"4";"4";"simple";"NW2340";"1";"1";"2013-05-01 20:21:49";"2013-12-10 16:54:17"
"84";"4";"4";"simple";"NF1264 ";"1";"1";"2013-05-01 20:33:16";"2013-07-15 19:32:34"
"85";"4";"4";"simple";"4051 | San Diego ";"1";"1";"2013-05-01 20:41:24";"2013-05-01 21:17:46"
"86";"4";"4";"simple";"4001-J";"1";"1";"2013-05-01 21:30:54";"2013-05-01 21:42:20"
"87";"4";"4";"simple";"4000 | Pro Style";"1";"1";"2013-05-01 21:49:50";"2013-05-01 21:55:14"
"88";"4";"4";"simple";"4052-J | Miami Jersey ";"1";"1";"2013-05-01 22:03:21";"2014-06-12 23:54:06"
"89";"4";"4";"simple";"4003-J";"1";"1";"2013-05-01 22:18:25";"2013-05-01 22:26:55"
"90";"4";"4";"simple";"4004 | Gladiator";"1";"1";"2013-05-01 22:36:46";"2013-05-01 22:46:26"
"91";"4";"4";"simple";"4002-J | Philadelphia Jersey";"1";"1";"2013-05-01 22:52:32";"2013-05-01 22:58:39"
"92";"4";"4";"simple";"AG214";"1";"1";"2013-05-02 16:16:52";"2013-07-22 23:06:24"
"93";"4";"4";"simple";"195 | Grinta Jersey ";"1";"1";"2013-05-02 16:29:12";"2013-12-24 00:11:41"
"94";"4";"4";"simple";"SA60096";"1";"1";"2013-05-02 16:40:40";"2013-07-22 23:35:42"
"95";"4";"4";"simple";"198 | Toque Jersey ";"1";"1";"2013-05-02 17:51:15";"2016-09-06 19:36:32"
"96";"4";"4";"simple";"SA60093";"1";"1";"2013-05-02 18:37:20";"2013-08-06 21:27:49"
"97";"4";"4";"simple";"SA60108";"1";"1";"2013-05-02 18:56:02";"2013-05-03 18:57:06"
"98";"4";"4";"simple";"200 | Tabela Jersey ";"1";"1";"2013-05-02 20:01:58";"2013-05-15 00:04:04"
"99";"4";"4";"simple";"A-45";"1";"1";"2013-05-02 20:08:06";"2013-05-02 20:09:52"
"100";"4";"4";"simple";"A-42 | Sweatshirt";"1";"1";"2013-05-02 20:25:01";"2015-11-06 20:31:01"
"101";"4";"4";"simple";"828 | Everton Short - 5"" Inseam";"1";"1";"2013-05-02 20:37:32";"2016-04-28 21:35:38"
"102";"4";"4";"simple";"833 | Serbia";"1";"1";"2013-05-02 20:54:37";"2013-12-24 21:24:59"
"104";"4";"4";"simple";"2025-J | Norco Jersey";"1";"1";"2013-05-02 21:14:06";"2013-12-30 23:54:58"
"105";"4";"4";"simple";"2015 | Vermont Set ";"1";"1";"2013-05-02 21:35:02";"2013-12-30 23:50:50"
"106";"4";"4";"simple";"193 | Viva Jersey";"1";"1";"2013-05-02 21:45:49";"2013-12-30 23:46:49"
"107";"4";"4";"simple";"197 | Stricon Jersey ";"1";"1";"2013-05-02 22:04:10";"2013-12-30 23:42:41"
"108";"4";"4";"simple";"2016 | Dive Set ";"1";"1";"2013-05-02 22:12:39";"2013-07-24 19:27:04"
"109";"4";"4";"simple";"1027 | Ukraine Jersey";"1";"1";"2013-05-02 22:37:09";"2013-07-24 21:38:55"
"110";"4";"4";"simple";"1026 | Imperial Set";"1";"1";"2013-05-02 22:57:14";"2013-06-28 17:00:06"
"111";"4";"4";"simple";"2032 | Imperial Set";"1";"1";"2013-05-03 16:34:39";"2013-12-30 23:36:21"
"112";"4";"4";"simple";"289 | MADRID";"1";"1";"2013-05-03 16:47:00";"2013-12-30 23:31:32"
"113";"4";"4";"simple";"HF72310 | EVOLUTION  ";"1";"1";"2013-05-03 16:52:18";"2014-01-03 23:46:35"
"114";"4";"4";"simple";"AG1301 | MVP JERSEY";"1";"1";"2013-05-06 16:49:55";"2015-02-13 00:53:23"
"115";"4";"4";"simple";"2020 | Slider ";"1";"1";"2013-05-06 16:57:08";"2016-08-09 18:57:01"
"116";"4";"4";"simple";"AG1331 |  ASSIST JERSEY";"1";"1";"2013-05-06 17:02:30";"2015-02-13 00:53:49"
"117";"4";"4";"simple";"HF42142 | RAPTOR JERSEY ";"1";"1";"2013-05-06 17:05:36";"2014-01-03 23:45:51"
"122";"4";"4";"simple";"bk-487-000001";"1";"1";"2013-05-17 21:47:58";"2016-01-04 20:22:21"
"123";"4";"4";"simple";"1201-V | Twill";"1";"0";"2013-05-20 16:51:02";"2013-05-20 18:36:33"
"124";"4";"4";"simple";"607 |""2-in-1"" Socks";"1";"1";"2013-05-20 19:26:46";"2015-09-18 17:34:01"
"125";"4";"4";"simple";"N5296";"1";"1";"2013-05-20 20:56:09";"2013-05-20 21:21:08"
"126";"4";"4";"simple";"455  | Titan Set";"1";"1";"2013-05-22 19:01:49";"2014-01-09 19:46:48"
"129";"4";"4";"simple";"476  | Genesis Set";"1";"1";"2013-05-28 18:59:42";"2015-10-21 22:27:39"
"130";"4";"4";"simple";"453 | Victory Set";"1";"1";"2013-05-28 19:37:59";"2016-01-18 23:47:00"
"132";"4";"4";"simple";"484 | Bengal Set";"1";"1";"2013-05-28 21:51:00";"2013-12-19 20:39:16"
"133";"4";"4";"simple";"462 | Expedition Set ";"1";"1";"2013-05-28 22:00:33";"2014-01-09 19:29:30"
"134";"4";"4";"simple";"491-J | Radian Jersey";"1";"1";"2013-05-28 22:41:58";"2014-06-05 18:17:29"
"135";"4";"4";"simple";"488  | Combat Set";"1";"1";"2013-05-28 22:49:41";"2016-01-04 20:18:31"
"139";"4";"4";"simple";"1061 | Crusade Jersey ";"1";"1";"2013-05-29 23:53:20";"2015-08-20 18:17:38"
"140";"4";"4";"simple";"AG214 | STRIKER";"1";"1";"2013-05-31 16:38:21";"2013-08-06 21:22:48"
"141";"4";"4";"simple";"195 | Grinta";"0";"0";"2013-05-31 16:39:44";"2013-05-31 16:40:40"
"143";"4";"4";"simple";"SA-60096 | MERCA ";"1";"1";"2013-05-31 16:46:28";"2013-08-06 19:45:08"
"144";"4";"4";"simple";"198 | Toque";"0";"0";"2013-05-31 16:49:31";"2013-05-31 16:49:31"
"146";"4";"4";"simple";"Soccer-185 | Boston";"1";"1";"2013-05-31 16:52:36";"2015-10-28 18:42:34"
"147";"4";"4";"simple";"VZ10096 | VELEZ ";"0";"0";"2013-05-31 16:54:39";"2013-05-31 16:54:39"
"148";"4";"4";"simple";"HF22820 | KINETIC ";"0";"0";"2013-05-31 16:56:33";"2013-05-31 16:56:33"
"149";"4";"4";"simple";"Soccer-186 | Finland";"1";"1";"2013-05-31 16:58:07";"2016-05-04 16:44:20"
"150";"4";"4";"simple";"Soccer-196 | Estro";"1";"1";"2013-05-31 17:00:58";"2016-04-01 16:23:35"
"151";"4";"4";"simple";"SA60108 | CARACAS ";"1";"1";"2013-05-31 17:07:33";"2013-08-08 16:37:27"
"152";"4";"4";"simple";"200 | Tabela ";"1";"1";"2013-05-31 17:14:19";"2015-08-26 19:32:09"
"153";"4";"4";"simple";"Soccer-193 | Viva ";"1";"1";"2013-05-31 17:17:22";"2015-08-26 19:25:26"
"154";"4";"4";"simple";"240 | Chicago";"1";"1";"2013-05-31 17:20:20";"2016-06-06 20:33:10"
"155";"4";"4";"simple";"HF22740 | HELIX ";"1";"1";"2013-05-31 17:23:48";"2013-12-23 23:40:35"
"156";"4";"4";"simple";"AG1050 | PREMIER ";"1";"1";"2013-05-31 17:32:35";"2013-08-06 19:27:58"
"157";"4";"4";"simple";"HF22810 | INFERNO ";"1";"1";"2013-05-31 17:35:16";"2014-01-03 23:42:24"
"158";"4";"4";"simple";"197 | Stricon";"1";"1";"2013-05-31 17:39:25";"2013-12-23 23:27:14"
"159";"4";"4";"simple";"AG1030|ALL-CONFERENCE";"1";"1";"2013-05-31 17:42:02";"2013-12-23 23:28:08"
"160";"4";"4";"simple";"HF22710 | TEMPEST ";"1";"1";"2013-05-31 17:45:25";"2014-01-03 23:41:19"
"161";"4";"4";"simple";"AG1510 | SURGE ";"0";"0";"2013-05-31 17:48:29";"2013-12-23 23:31:39"
"162";"4";"4";"simple";"179 | Bristol";"1";"1";"2013-05-31 17:50:57";"2013-12-23 23:33:23"
"163";"4";"4";"simple";"VZ10063 | MONACO ";"1";"1";"2013-05-31 17:53:28";"2013-12-23 23:35:07"
"164";"4";"4";"simple";"HF22660 | FLASH ";"1";"1";"2013-05-31 17:56:53";"2014-01-03 23:40:24"
"165";"4";"4";"simple";"190 | Poland";"1";"1";"2013-05-31 18:00:55";"2016-04-01 22:24:14"
"166";"4";"4";"simple";"169 | Iceland";"1";"1";"2013-05-31 18:02:59";"2013-12-24 00:08:05"
"172";"4";"4";"simple";"AG243 | WICKING ";"1";"1";"2013-06-04 15:55:34";"2013-08-06 21:06:27"
"173";"4";"4";"simple";"487 | Verano Set ";"0";"0";"2013-06-04 16:19:59";"2013-06-06 17:47:52"
"174";"4";"4";"simple";"AG722 | Duo Knit Game Set";"1";"1";"2013-06-04 16:35:16";"2013-12-19 17:30:58"
"175";"4";"4";"simple";"HF32360 | Varsity Performance Set 	";"1";"1";"2013-06-04 16:44:23";"2014-01-09 21:38:36"
"176";"4";"4";"simple";"HF32330 | Fusion Set";"1";"1";"2013-06-04 16:50:13";"2014-01-03 23:31:55"
"177";"4";"4";"simple";"449 | Arena Set ";"1";"1";"2013-06-04 18:05:52";"2016-11-21 22:34:54"
"178";"4";"4";"simple";"456 | Precision Set ";"1";"1";"2013-06-04 18:11:00";"2016-01-18 23:39:05"
"179";"4";"4";"simple";"HF32340 | Glide Game Set";"1";"1";"2013-06-04 18:21:31";"2013-07-30 16:49:05"
"180";"4";"4";"simple";"469-J | Energy Jersey ";"1";"1";"2013-06-04 18:32:19";"2014-01-03 23:31:26"
"181";"4";"4";"simple";"474 | Caliber Set ";"1";"1";"2013-06-04 18:41:43";"2014-01-09 18:19:42"
"182";"4";"4";"simple";"468 | Dominator Set ";"1";"1";"2013-06-04 19:17:31";"2014-08-28 19:20:08"
"183";"4";"4";"simple";"484 |  Bengal Set ";"1";"1";"2013-06-04 19:22:06";"2014-01-09 19:40:34"
"185";"4";"4";"simple";"482 | Comet Set (Ladies)";"1";"1";"2013-06-04 19:30:37";"2016-02-03 21:58:53"
"186";"4";"4";"simple";"475 | Stance Set (Ladies)";"1";"1";"2013-06-04 19:37:22";"2016-10-07 14:57:17"
"187";"4";"4";"simple";"473 | Challenger Set";"1";"1";"2013-06-04 19:49:13";"2016-02-05 19:19:29"
"188";"4";"4";"simple";"446-J | Continental Jersey ";"1";"1";"2013-06-05 22:00:31";"2014-01-09 19:59:49"
"189";"4";"4";"simple";"465 |  All-Star Set";"1";"1";"2013-06-05 22:12:47";"2014-01-09 17:26:47"
"190";"4";"4";"simple";"458 | Sharpshooter Set ";"1";"1";"2013-06-05 22:17:31";"2014-01-09 19:31:49"
"191";"4";"4";"simple";"435 | Guard Set";"1";"1";"2013-06-05 22:26:05";"2014-01-09 00:32:06"
"192";"4";"4";"simple";"467 | Rival Set (Ladies)";"1";"1";"2013-06-05 22:31:04";"2014-08-13 19:32:01"
"193";"4";"4";"simple";"445 | Superior Set ";"1";"1";"2013-06-05 22:35:17";"2013-12-19 00:00:41"
"194";"4";"4";"simple";"466 | Synergy Set (Ladies)";"1";"1";"2013-06-05 22:40:05";"2016-01-18 23:47:57"
"195";"4";"4";"simple";"477 | Evasion Set (Ladies)";"1";"1";"2013-06-05 22:49:50";"2014-01-08 19:50:56"
"196";"4";"4";"simple";"470 | Reflex Set (Ladies)";"1";"1";"2013-06-05 22:54:47";"2014-01-08 19:50:21"
"197";"4";"4";"simple";"711 | Vault Warm Up Set";"1";"1";"2013-06-05 23:02:41";"2014-01-08 20:34:43"
"198";"4";"4";"simple";"709 | Turbo Warm Up Set";"1";"1";"2013-06-05 23:06:38";"2014-01-08 21:12:31"
"199";"4";"4";"simple";"478 | Revenge Set ";"1";"1";"2013-06-06 18:56:48";"2014-10-02 17:51:24"
"200";"4";"4";"simple";"HF32320 | League Set";"1";"1";"2013-06-06 19:04:07";"2014-01-08 23:16:24"
"201";"4";"4";"simple";"BBJ6 | Lay-Up";"1";"1";"2013-06-06 19:11:49";"2014-01-08 23:22:19"
"202";"4";"4";"simple";"HF32370 | Transition Game Set ";"1";"1";"2013-06-06 19:28:58";"2014-07-08 17:17:55"
"203";"4";"4";"simple";"BB7 | Dream Set";"1";"1";"2013-06-06 19:34:44";"2016-09-23 18:33:07"
"204";"4";"4";"simple";"HF12022 | Flex Jersey ";"1";"1";"2013-06-12 16:31:10";"2013-12-26 19:46:24"
"205";"4";"4";"simple";"HF12142 | Faux Jersey ";"1";"1";"2013-06-12 16:35:11";"2016-01-13 23:51:18"
"207";"4";"4";"simple";"1059 | Reliant Jersey";"1";"1";"2013-06-12 16:52:26";"2016-01-13 23:52:14"
"208";"4";"4";"simple";"1063 | Matrix Jersey ";"1";"1";"2013-06-12 17:09:24";"2016-01-22 22:58:08"
"209";"4";"4";"simple";"HF12152 | Fever Jersey ";"1";"1";"2013-06-12 17:13:52";"2016-01-13 23:50:36"
"211";"4";"4";"simple";"1053 | Spectrum Jersey ";"1";"1";"2013-06-12 17:21:30";"2015-08-20 18:13:03"
"212";"4";"4";"simple";"1057 | Aruba Jersey ";"1";"1";"2013-06-12 17:29:12";"2016-01-13 23:49:44"
"213";"4";"4";"simple";"1054 | Tiger Jersey ";"1";"1";"2013-06-12 17:39:01";"2015-08-20 18:13:27"
"214";"4";"4";"simple";"1055 | Camo Jersey ";"1";"1";"2013-06-12 18:03:29";"2015-08-20 18:19:28"
"215";"4";"4";"simple";"1060 | Valido Jersey ";"1";"1";"2013-06-12 18:09:05";"2016-10-14 14:48:56"
"216";"4";"4";"simple";"1056-J | Glints Jersey";"1";"1";"2013-06-12 18:21:32";"2016-01-13 23:48:57"
"217";"4";"4";"simple";"1014-J | Slider Jersey ";"1";"1";"2013-06-12 18:26:21";"2015-08-21 16:54:33"
"218";"4";"4";"simple";"HF12102 | Spirit Jersey ";"1";"1";"2013-06-12 18:30:24";"2013-12-26 19:17:55"
"219";"4";"4";"simple";"1058-J | Caliber Jersey";"1";"1";"2013-06-12 18:33:47";"2013-12-26 18:03:25"
"220";"4";"4";"simple";"BST7 | Sweet Jersey ";"1";"1";"2013-06-12 18:37:26";"2013-08-09 19:49:47"
"221";"4";"4";"simple";"478 | Revenge  Set ";"1";"1";"2013-06-13 19:43:54";"2013-06-14 16:52:13"
"222";"4";"4";"simple";"1031-J | Rival Jersey";"1";"1";"2013-06-14 17:00:14";"2013-12-26 18:05:35"
"223";"4";"4";"simple";"1018 | Pride Jersey ";"1";"1";"2013-06-14 17:10:51";"2016-01-13 23:47:54"
"224";"4";"4";"simple";"1225-J | LADIES DIAMOND JERSEY ";"0";"0";"2013-06-14 17:15:31";"2013-06-14 17:15:31"
"225";"4";"4";"simple";"1020 | Colorado Jersey ";"1";"1";"2013-06-14 17:21:55";"2013-12-26 19:44:15"
"226";"4";"4";"simple";"1022 | Madison Jersey ";"1";"1";"2013-06-14 17:25:46";"2016-01-13 23:47:17"
"227";"4";"4";"simple";"1006-J | Reno Jersey";"1";"1";"2013-06-14 17:30:52";"2014-08-27 22:16:53"
"228";"4";"4";"simple";" 3109 PT | Tiger Pants";"1";"1";"2013-06-14 17:43:26";"2016-03-16 18:10:24"
"229";"4";"4";"simple";"3104 PT | Cosh Pants";"1";"1";"2013-06-14 17:46:41";"2013-12-26 20:13:56"
"230";"4";"4";"simple";"3110 PT | Camo Pants ";"1";"1";"2013-06-14 17:50:52";"2016-10-14 14:51:11"
"231";"4";"4";"simple";"1055sh | Camo Shorts ";"1";"1";"2013-06-14 17:56:08";"2013-12-26 19:07:03"
"232";"4";"4";"simple";"HF15142 | Fever Shorts ";"1";"1";"2013-06-14 18:00:15";"2014-01-03 23:25:54"
"233";"4";"4";"simple";"1053 SH | Spectrum Shorts ";"1";"1";"2013-06-14 18:03:42";"2013-12-26 19:05:00"
"234";"4";"4";"simple";"1054sh | Tiger Shorts ";"1";"1";"2013-06-14 18:07:08";"2013-12-26 19:06:12"
"235";"4";"4";"simple";"1056 SH | Glints Shorts ";"1";"1";"2013-06-14 18:11:54";"2016-10-14 14:58:15"
"236";"4";"4";"simple";"1114sh | Slider Shorts ";"1";"1";"2013-06-14 18:49:01";"2013-08-14 21:53:27"
"238";"4";"4";"simple";"1228SH | Ladies Diamond Shorts ";"1";"1";"2013-06-17 21:12:49";"2016-10-14 14:54:59"
"239";"4";"4";"simple";"607 |""2-in-1""  Socks ";"1";"1";"2013-06-17 22:15:41";"2013-12-26 20:40:23"
"240";"4";"4";"simple";"608 | Fuel Socks";"1";"1";"2013-06-17 22:22:25";"2013-12-24 22:24:51"
"241";"4";"4";"simple";"613 | DOTS Novelty Socks";"0";"0";"2013-06-17 22:30:58";"2013-12-26 21:32:36"
"242";"4";"4";"simple";"601 | Zoom Socks (Tube)";"0";"0";"2013-06-17 23:14:41";"2013-12-24 21:30:11"
"243";"4";"4";"simple";"602 | Primo Socks";"1";"1";"2013-06-17 23:28:13";"2013-12-26 20:49:09"
"244";"4";"4";"simple";" 610 | Heart Pattern Socks";"0";"0";"2013-06-17 23:32:38";"2013-12-26 21:33:18"
"245";"4";"4";"simple";"1201-V |  Twill";"1";"1";"2013-06-17 23:37:40";"2014-01-07 21:39:10"
"246";"4";"4";"simple";"1202-V | Dazzle";"1";"1";"2013-06-17 23:42:29";"2014-01-07 21:46:07"
"247";"4";"4";"simple";"A-53 | Avenger Backpack";"1";"1";"2013-06-17 23:51:38";"2015-02-23 20:05:43"
"248";"4";"4";"simple";"Elite 8 ";"1";"1";"2013-06-18 17:38:10";"2013-12-19 22:06:39"
"249";"4";"4";"simple";"Final 4";"1";"1";"2013-06-18 18:49:04";"2016-09-07 21:33:22"
"251";"4";"4";"simple";"A-31 | Cliff Backpack ";"0";"0";"2013-06-18 22:48:31";"2013-06-18 22:48:31"
"252";"4";"4";"simple";"490-J | Practice Jersey";"1";"1";"2013-06-21 05:12:48";"2015-12-08 18:47:00"
"253";"4";"4";"simple";"NF1264 | Mesh/Dazzle Muscle Set 	";"1";"1";"2013-06-21 18:55:07";"2014-01-08 23:25:04"
"254";"4";"4";"simple";"700 | Basic Warm Up Set";"1";"1";"2013-06-23 16:06:20";"2016-01-25 19:42:23"
"255";"4";"4";"simple";"712 | Majesty Warm Up Set";"1";"1";"2013-06-23 16:21:11";"2014-01-08 21:01:29"
"256";"4";"4";"simple";"A-50 | Long Sleeve Tee";"1";"1";"2013-06-23 16:34:15";"2015-06-25 15:15:11"
"257";"4";"4";"simple";"3820 | Mexico-G Jersey ";"1";"1";"2013-06-27 17:40:03";"2015-05-04 22:04:27"
"258";"4";"4";"simple";"383 | Galaxy-G";"1";"1";"2013-06-27 17:48:44";"2015-12-16 00:17:31"
"259";"4";"4";"simple";"379 | Togo-G";"1";"1";"2013-06-27 17:54:07";"2013-06-27 19:07:57"
"260";"4";"4";"simple";"371 | Greece-G ";"1";"1";"2013-06-27 19:11:54";"2015-05-04 21:38:06"
"261";"4";"4";"simple";"375 | Poland-G Jersey";"1";"1";"2013-06-27 19:17:57";"2013-12-24 19:24:56"
"262";"4";"4";"simple";"376 | Finland-G ";"1";"1";"2013-06-27 19:23:06";"2013-08-08 23:08:23"
"263";"4";"4";"simple";"377 | Boston-G Jersey";"1";"1";"2013-06-27 19:26:46";"2013-08-08 23:42:26"
"264";"4";"4";"simple";"370 | Portugal-G Jersey";"1";"1";"2013-06-27 19:32:32";"2014-05-12 20:47:21"
"265";"4";"4";"simple";"321 | Reno Jersey";"1";"1";"2013-06-27 19:37:39";"2013-12-24 19:22:43"
"266";"4";"4";"simple";"365 | Bolton-G Jersey";"1";"1";"2013-06-27 19:42:19";"2015-10-06 18:41:24"
"267";"4";"4";"simple";"380 | Brisbane Jersey";"1";"1";"2013-06-27 19:51:07";"2013-12-24 19:20:59"
"268";"4";"4";"simple";"360 | Congo-G Jersey";"1";"1";"2013-06-27 19:55:56";"2013-06-27 19:55:56"
"269";"4";"4";"simple";"362 | Chicago-G Jersey ";"1";"1";"2013-06-27 20:00:29";"2013-12-24 19:20:25"
"270";"4";"4";"simple";"346 | Imperial-G Jersey";"1";"1";"2013-06-27 20:06:43";"2013-06-27 20:06:43"
"271";"4";"4";"simple";"381 | Bristol-G Jersey";"1";"1";"2013-06-27 20:16:24";"2013-06-27 20:16:24"
"272";"4";"4";"simple";"378 | West Ham-G Jersey";"1";"1";"2013-06-27 20:21:24";"2013-08-08 17:10:35"
"273";"4";"4";"simple";"354 | Iceland-G Jersey";"1";"1";"2013-06-27 20:27:07";"2013-12-24 19:15:41"
"274";"4";"4";"simple";"BS1 | Pro";"1";"1";"2013-06-28 17:37:28";"2016-07-27 16:20:22"
"275";"4";"4";"simple";"BS2 | Pro 2 Jersey-(Champro)";"1";"1";"2013-06-28 17:41:03";"2013-12-27 21:31:22"
"276";"4";"4";"simple";"1050-J | Dugout Jersey ";"1";"1";"2013-06-28 17:50:27";"2016-01-13 23:53:06"
"277";"4";"4";"simple";"3008 | Denver Jersey";"1";"1";"2013-06-28 17:55:28";"2016-05-23 21:49:21"
"278";"4";"4";"simple";"3011 | Portland Jersey";"1";"1";"2013-06-28 17:58:51";"2014-01-02 23:43:08"
"279";"4";"4";"simple";"3019 | Maine Jersey";"1";"1";"2013-06-28 18:08:59";"2013-12-27 20:10:29"
"280";"4";"4";"simple";"3018 | Pinstripe Basic Jersey";"1";"1";"2013-06-28 18:12:59";"2013-12-27 20:11:16"
"281";"4";"4";"simple";"3020 | Madison Jersey";"1";"1";"2013-06-28 18:15:57";"2013-12-27 20:12:32"
"282";"4";"4";"simple";"3025 | Alabama Jersey";"1";"1";"2013-06-28 18:18:25";"2013-12-27 20:13:18"
"283";"4";"4";"simple";"A-37 | 3/4 SLEEVE BASEBALL UNDERSHIRT";"1";"1";"2013-06-28 18:21:32";"2015-06-29 22:01:58"
"284";"4";"4";"simple";"4050-J | Oklahoma Jersey";"1";"1";"2013-06-28 18:45:26";"2015-07-27 22:27:34"
"285";"4";"4";"simple";"4051-J | San Diego Jersey";"1";"1";"2013-06-28 18:54:38";"2013-08-26 16:34:26"
"286";"4";"4";"simple";"4001-J | Traditional Jersey";"1";"1";"2013-06-28 18:57:35";"2013-08-26 22:40:04"
"287";"4";"4";"simple";"4000 | Pro  Style";"1";"1";"2013-07-01 16:59:02";"2016-01-07 20:33:32"
"288";"4";"4";"simple";"4052 | Miami ";"1";"1";"2013-07-01 17:02:47";"2014-06-27 17:03:00"
"289";"4";"4";"simple";"4003-J | Tennessee Jersey";"1";"1";"2013-07-01 17:05:43";"2013-08-26 23:52:46"
"290";"4";"4";"simple";"4004-J | Gladiator Jersey";"1";"1";"2013-07-01 17:08:10";"2013-08-26 23:55:07"
"291";"4";"4";"simple";"4004-J | Gladiator  Jersey";"1";"1";"2013-07-01 17:12:43";"2013-08-26 23:46:57"
"292";"4";"4";"simple";"4100-PT | Phoenix Pant";"1";"1";"2013-07-01 17:18:51";"2014-01-03 17:16:50"
"293";"4";"4";"simple";"football pants-FP10";"1";"1";"2013-07-01 17:23:18";"2014-01-03 17:23:21"
"294";"4";"4";"simple";"4104-PT | Raven Pant";"1";"1";"2013-07-01 17:28:58";"2014-01-03 17:05:21"
"295";"4";"4";"simple";"4102-PT | Punisher Pant";"1";"1";"2013-07-01 17:33:16";"2013-08-27 16:10:25"
"296";"4";"4";"simple";"401-SH | Mesh Short";"1";"1";"2013-07-01 17:35:59";"2013-08-27 21:11:57"
"297";"4";"4";"simple";"400-SH | Micro Short";"1";"1";"2013-07-01 17:38:44";"2013-08-27 21:16:47"
"299";"4";"4";"simple";"492";"1";"1";"2013-07-15 17:25:47";"2016-09-09 16:38:41"
"301";"4";"4";"simple";"705";"1";"1";"2013-07-17 22:12:22";"2014-01-08 20:59:03"
"302";"4";"4";"simple";"708";"1";"1";"2013-07-17 22:26:22";"2014-01-08 20:46:58"
"303";"4";"4";"simple";"713";"1";"1";"2013-07-17 22:49:02";"2014-01-08 21:15:52"
"304";"4";"4";"simple";"P-01";"1";"1";"2013-07-17 23:21:18";"2016-11-30 15:24:58"
"305";"4";"4";"simple";"P-23";"1";"1";"2013-07-18 00:00:07";"2013-12-20 23:35:07"
"306";"4";"4";"simple";"P-24";"1";"1";"2013-07-18 00:00:23";"2013-12-20 23:42:47"
"307";"4";"4";"simple";"Reversible Package";"1";"1";"2013-07-18 22:38:12";"2016-01-26 23:41:23"
"308";"4";"4";"simple";" N3142";"1";"1";"2013-07-19 23:05:07";"2016-11-25 21:31:40"
"309";"4";"4";"simple";"283";"1";"1";"2013-07-22 20:50:19";"2013-12-24 19:44:26"
"310";"4";"4";"simple";"282";"1";"1";"2013-07-22 21:35:47";"2013-12-24 00:15:33"
"311";"4";"4";"simple";"268";"1";"1";"2013-07-22 21:39:31";"2013-12-24 00:16:31"
"312";"4";"4";"simple";"257";"1";"1";"2013-07-22 21:44:19";"2013-12-24 00:17:11"
"313";"4";"4";"simple";"266";"1";"1";"2013-07-22 21:48:20";"2016-04-28 21:53:10"
"314";"4";"4";"simple";"194";"1";"1";"2013-07-22 21:52:10";"2015-10-28 18:46:57"
"315";"4";"4";"simple";"250";"1";"1";"2013-07-22 21:57:08";"2013-12-24 00:21:38"
"316";"4";"4";"simple";"271";"1";"1";"2013-07-22 22:01:46";"2015-10-28 18:53:50"
"317";"4";"4";"simple";"280";"1";"1";"2013-07-22 22:06:20";"2014-11-12 22:24:04"
"318";"4";"4";"simple";"274";"1";"1";"2013-07-22 22:11:51";"2015-10-06 18:49:21"
"319";"4";"4";"simple";"Soccer-284 | Sweden";"1";"1";"2013-07-22 22:15:59";"2015-09-29 23:52:41"
"320";"4";"4";"simple";"275";"1";"1";"2013-07-22 22:20:46";"2013-12-24 17:09:01"
"321";"4";"4";"simple";"276";"1";"1";"2013-07-22 22:24:27";"2013-12-24 17:06:21"
"322";"4";"4";"simple";"601";"1";"1";"2013-07-23 16:57:07";"2016-10-14 15:01:39"
"323";"4";"4";"simple";"a-05";"1";"1";"2013-07-23 17:03:47";"2015-01-29 21:37:25"
"324";"4";"4";"simple";"VZ10071";"1";"1";"2013-07-23 17:18:36";"2013-12-24 00:06:56"
"325";"4";"4";"simple";"Soccer-201 | Squadra";"1";"1";"2013-07-23 17:47:28";"2014-05-12 21:29:14"
"326";"4";"4";"simple";"a-62";"1";"1";"2013-07-23 21:59:35";"2016-10-06 21:50:14"
"327";"4";"4";"simple";"a30";"1";"1";"2013-07-23 22:09:00";"2016-11-30 15:26:43"
"328";"4";"4";"simple";"a-61";"1";"1";"2013-07-23 22:32:39";"2013-12-12 17:39:32"
"329";"4";"4";"simple";"bst5";"1";"1";"2013-07-23 23:56:53";"2015-09-09 23:19:53"
"330";"4";"4";"simple";"617";"1";"0";"2013-07-24 16:30:18";"2016-03-28 16:01:30"
"331";"4";"4";"simple";"P311";"0";"0";"2013-07-24 16:35:48";"2013-12-26 21:36:56"
"332";"4";"4";"simple";"a35";"0";"0";"2013-07-24 17:55:01";"2015-07-31 16:03:53"
"333";"4";"4";"simple";"pt-3105";"1";"1";"2013-07-24 21:46:45";"2014-01-03 00:41:41"
"334";"4";"4";"simple";"PT-3107";"0";"0";"2013-07-24 21:49:12";"2013-12-27 23:05:29"
"335";"4";"4";"simple";"PT-3106";"1";"1";"2013-07-24 21:51:43";"2015-11-24 00:24:06"
"336";"4";"4";"simple";"PT-3103";"1";"1";"2013-07-24 21:54:16";"2015-11-24 00:26:45"
"337";"4";"4";"simple";"sh-841";"1";"1";"2013-07-25 00:00:42";"2013-12-24 21:24:16"
"338";"4";"4";"simple";"SH-838";"1";"1";"2013-07-25 00:05:39";"2015-05-28 23:55:49"
"339";"4";"4";"simple";"842 | Rio";"1";"1";"2013-07-25 16:58:33";"2015-05-28 23:55:01"
"340";"4";"4";"simple";"615 | Empire ";"1";"1";"2013-07-25 18:08:41";"2015-03-19 18:20:30"
"341";"4";"4";"simple";"606 | Pro-Z";"1";"1";"2013-07-25 18:15:23";"2015-02-10 22:36:13"
"342";"4";"4";"simple";"A105";"1";"1";"2013-07-30 17:07:17";"2014-04-01 17:50:54"
"343";"4";"4";"simple";"5URBSL";"1";"0";"2013-07-30 19:12:08";"2014-01-07 19:16:54"
"344";"4";"4";"simple";"hf25380";"1";"1";"2013-08-06 23:57:53";"2014-01-03 23:25:01"
"345";"4";"4";"simple";"255";"1";"1";"2013-08-07 21:21:34";"2013-12-24 20:19:24"
"347";"4";"4";"simple";"280 | Mexico Set";"1";"1";"2013-08-07 21:32:23";"2013-12-24 20:23:45"
"348";"4";"4";"simple";"261 | Brazil Set";"1";"1";"2013-08-07 21:35:07";"2013-12-24 20:28:27"
"351";"4";"4";"simple";"252 | Tottenham Set";"1";"1";"2013-08-07 22:03:16";"2013-12-24 20:32:41"
"352";"4";"4";"simple";"830 | International";"1";"1";"2013-08-07 22:43:55";"2015-05-28 18:10:28"
"353";"4";"4";"simple";"831 | Universal";"1";"1";"2013-08-07 22:58:44";"2015-05-01 15:34:40"
"354";"4";"4";"simple";"823 | Lazer";"1";"1";"2013-08-07 23:05:25";"2015-05-28 18:10:58"
"355";"4";"4";"simple";"820 | Quest";"1";"1";"2013-08-07 23:11:56";"2015-05-28 23:54:04"
"356";"4";"4";"simple";"825 | Liberty";"1";"1";"2013-08-07 23:40:25";"2016-04-28 19:13:22"
"357";"4";"4";"simple";"AG460";"1";"1";"2013-08-07 23:59:18";"2013-12-24 21:26:25"
"358";"4";"4";"simple";"SA50053";"1";"1";"2013-08-08 16:34:03";"2013-10-10 21:42:21"
"359";"4";"4";"simple";"384";"1";"1";"2013-08-08 19:21:59";"2015-12-15 20:11:35"
"360";"4";"4";"simple";"385 | Athens-G ";"1";"1";"2013-08-08 19:48:00";"2015-12-15 20:10:46"
"361";"4";"4";"simple";"386";"1";"1";"2013-08-08 20:12:22";"2014-08-13 19:15:28"
"362";"4";"4";"simple";"4010  | Camo Football ";"1";"1";"2013-08-16 20:25:07";"2015-06-10 19:56:46"
"363";"4";"4";"simple";"3020";"1";"1";"2013-08-27 21:45:35";"2013-12-27 20:13:58"
"364";"4";"4";"simple";"3040 | Encounter (Blank)";"1";"1";"2013-08-27 23:23:05";"2014-01-03 00:07:25"
"365";"4";"4";"simple";"4053 | Saints";"1";"1";"2013-09-03 21:22:03";"2015-07-27 22:27:04"
"366";"4";"4";"simple";"1290 | INFERNO JERSEY";"1";"1";"2013-09-03 22:15:18";"2015-02-13 00:54:28"
"367";"4";"4";"simple";"1310 | HIT JERSEY";"1";"1";"2013-09-03 22:25:38";"2015-02-13 00:55:30"
"369";"4";"4";"simple";"501  | Hoops Set";"1";"1";"2013-11-11 23:11:42";"2014-05-22 23:25:41"
"370";"4";"4";"simple";"Basketball-504";"1";"1";"2013-11-12 19:29:54";"2016-02-10 18:16:21"
"371";"4";"4";"simple";"498 | Enigma Set";"1";"1";"2013-11-12 19:51:34";"2016-10-21 21:55:21"
"372";"4";"4";"simple";"500 | Power Set";"1";"1";"2013-11-12 19:58:40";"2016-10-07 14:56:28"
"373";"4";"4";"simple";"510 | Turnover Set";"1";"1";"2013-11-12 20:03:38";"2015-10-06 18:33:36"
"375";"4";"4";"simple";"494";"0";"0";"2013-11-23 16:34:17";"2014-03-31 17:10:58"
"376";"4";"4";"simple";"499";"1";"1";"2013-11-23 16:37:23";"2014-01-08 19:46:12"
"377";"4";"4";"simple";"496";"1";"1";"2013-11-23 16:41:57";"2015-11-24 21:17:10"
"378";"4";"4";"simple";"Champion Ladies Package";"1";"1";"2013-11-23 16:55:44";"2016-01-08 16:27:14"
"379";"4";"4";"simple";"p2";"1";"1";"2013-11-23 17:19:02";"2016-01-08 16:29:18"
"381";"4";"4";"simple";"286";"1";"1";"2013-11-23 19:57:57";"2015-10-28 18:58:46"
"382";"4";"4";"simple";"495 | Overdrive Set ";"1";"1";"2013-11-29 19:18:17";"2016-01-18 23:53:15"
"383";"4";"4";"simple";"289 | Madrid Jersey";"1";"1";"2013-11-29 20:03:16";"2015-12-15 20:04:33"
"384";"4";"4";"simple";"287 | Bilvo Jersey ";"1";"1";"2013-11-29 20:11:51";"2015-10-28 18:58:02"
"385";"4";"4";"simple";"Mascot";"1";"1";"2013-12-06 22:46:46";"2015-05-20 20:54:03"
"386";"4";"4";"simple";"716 | Transform Warm Up Set";"1";"1";"2013-12-10 18:49:40";"2016-01-25 19:43:50"
"387";"4";"4";"simple";"715 | Traction Warm Up Set";"1";"1";"2013-12-10 19:05:07";"2014-01-08 21:04:46"
"388";"4";"4";"simple";"HF32362";"1";"1";"2013-12-19 17:31:29";"2014-01-08 20:22:21"
"389";"4";"4";"simple";"507 | Hustle Set ";"1";"1";"2013-12-23 22:07:07";"2014-01-09 17:42:43"
"390";"4";"4";"simple";"AG742 | LADIES POLY/SPANDEX 4-INCH SHORT";"1";"1";"2013-12-30 23:01:05";"2014-01-03 23:58:38"
"391";"4";"4";"simple";"AG1335 | LADIES STRIDE SHORT ";"1";"1";"2013-12-30 23:08:01";"2014-01-03 23:55:57"
"392";"4";"4";"simple";"football-AG9520";"1";"1";"2013-12-31 17:01:43";"2015-02-13 00:56:25"
"393";"4";"4";"simple";"football-AG9540";"1";"1";"2013-12-31 17:14:29";"2015-02-13 00:56:02"
"394";"4";"4";"simple";"soccer-a11";"1";"1";"2013-12-31 20:08:39";"2013-12-31 20:08:39"
"395";"4";"4";"simple";"soccer-ns321";"1";"0";"2013-12-31 20:20:45";"2016-09-02 17:09:49"
"396";"4";"4";"simple";"baseball-1526 ";"1";"1";"2014-01-10 20:18:15";"2014-01-11 00:19:45"
"397";"4";"4";"simple";"soccer-199 | Canberra";"1";"1";"2014-03-20 16:22:21";"2015-10-28 18:50:20"
"398";"4";"4";"simple";"soccer-191 | Totton";"1";"1";"2014-03-20 17:12:39";"2016-04-01 22:46:35"
"399";"4";"4";"simple";"Soccer-251 | Benfica Jersey";"1";"1";"2014-03-21 02:45:55";"2015-10-28 18:44:59"
"400";"4";"4";"simple";"soccer-world-cup";"1";"1";"2014-03-31 23:19:53";"2015-10-28 19:00:58"
"401";"4";"4";"simple";"soccer-189 | Lazio";"1";"1";"2014-04-01 23:52:05";"2014-05-19 17:05:30"
"402";"4";"4";"simple";"soccer-204 | Basel ";"1";"1";"2014-04-01 23:56:31";"2015-08-26 19:28:56"
"403";"4";"4";"simple";"Soccer-194 | Mexico Set";"1";"1";"2014-04-03 22:00:16";"2015-12-15 18:22:18"
"404";"4";"4";"simple";"soccer-284 | Brazil Set";"1";"1";"2014-04-03 22:20:48";"2014-04-14 19:14:05"
"405";"4";"4";"simple";"Soccer-255 | USA Set";"1";"1";"2014-04-03 22:27:38";"2014-04-11 22:13:20"
"406";"4";"4";"simple";"soccer-264 | Spain Set";"1";"1";"2014-04-03 23:25:35";"2014-04-11 23:07:20"
"407";"4";"4";"simple";"Soccer-262 | Portugal Jersey ";"1";"1";"2014-04-04 16:24:57";"2014-04-08 18:48:52"
"408";"4";"4";"simple";"soccer-252 | Wolfsburg";"1";"1";"2014-04-04 23:06:03";"2015-10-28 18:45:48"
"409";"4";"4";"simple";"soccer-264 | Holland Set ";"1";"1";"2014-04-07 22:30:55";"2014-04-11 23:02:37"
"410";"4";"4";"simple";"soccer-264 | England Set";"1";"1";"2014-04-07 22:46:50";"2014-04-11 22:52:40"
"411";"4";"4";"simple";"soccer-264 | Germany Set";"1";"1";"2014-04-07 23:13:07";"2014-04-11 22:51:52"
"412";"4";"4";"simple";"soccer-284 | Argentina Set";"1";"1";"2014-04-07 23:18:21";"2014-04-14 19:06:32"
"413";"4";"4";"simple";"soccer-284 | France Set";"1";"1";"2014-04-07 23:23:28";"2014-04-14 19:04:55"
"414";"4";"4";"simple";"soccer-284 | Portugal";"1";"1";"2014-04-07 23:38:45";"2015-12-15 18:20:32"
"415";"4";"4";"simple";"Soccer-264 | Japan Set";"1";"1";"2014-04-07 23:48:11";"2014-04-07 23:48:11"
"416";"4";"4";"simple";"soccer-264 | Italy Set ";"1";"1";"2014-04-07 23:52:11";"2014-04-11 22:43:47"
"417";"4";"4";"simple";"soccer-264 | Colombia Set";"1";"1";"2014-04-07 23:59:25";"2014-04-11 22:35:03"
"418";"4";"4";"simple";"soccer-264 | Uruguay Set";"1";"1";"2014-04-08 18:32:39";"2014-04-11 22:24:43"
"419";"4";"4";"simple";"soccer-203 | Parma";"1";"1";"2014-04-09 17:01:51";"2014-07-02 18:36:19"
"420";"4";"4";"simple";"soccer-291 | Leeds";"1";"1";"2014-04-11 20:33:20";"2016-03-10 17:42:56"
"421";"4";"4";"simple";"soccer-Winner Package";"1";"1";"2014-04-14 21:00:54";"2015-07-08 17:38:17"
"422";"4";"4";"simple";"soccer-Competitive Package";"1";"1";"2014-04-14 21:30:55";"2015-07-10 16:29:13"
"423";"4";"4";"simple";"soccer-Champion Package";"1";"1";"2014-04-14 22:28:52";"2015-07-10 16:28:25"
"424";"4";"4";"simple";"soccer-Traveling Package";"1";"1";"2014-04-14 23:20:05";"2015-07-10 16:26:48"
"425";"4";"4";"simple";"all sports-NB3165 | Cooling Performance Long Sleeve Crew";"1";"1";"2014-04-16 20:38:50";"2016-11-30 15:23:33"
"426";"4";"4";"simple";"Baseball-6100S Constructed cotton twill cap";"1";"1";"2014-04-21 23:54:30";"2014-04-22 16:31:23"
"427";"4";"4";"simple";"Baseball-3000 Nu-fit Constructed pro style ";"1";"1";"2014-04-22 17:06:02";"2014-06-30 21:42:20"
"428";"4";"4";"simple";"Socks-S8007 | Performance Team Socks";"1";"1";"2014-05-06 19:49:02";"2016-05-11 16:02:12"
"429";"4";"4";"simple";"Soccer-255 | Ghana Set";"1";"1";"2014-05-07 19:24:37";"2014-05-08 04:43:03"
"430";"4";"4";"simple";"SB475";"1";"1";"2014-05-22 16:59:42";"2014-08-04 22:16:23"
"431";"4";"4";"simple";"SX350/SX340";"0";"0";"2014-05-22 17:31:32";"2014-06-03 18:53:54"
"432";"4";"4";"simple";"SB6";"1";"1";"2014-05-22 20:04:59";"2014-05-23 20:40:04"
"433";"4";"4";"simple";"511";"1";"1";"2014-05-22 22:14:29";"2016-08-22 20:05:40"
"434";"4";"4";"simple";"512";"1";"1";"2014-05-22 22:47:07";"2016-09-09 21:56:23"
"435";"4";"4";"simple";"Elite-8 ";"1";"1";"2014-06-02 22:51:16";"2016-09-06 22:35:11"
"436";"4";"4";"simple";"Victory Package";"1";"1";"2014-06-03 20:57:24";"2016-01-18 23:43:54"
"437";"4";"4";"simple";"A-05 | Taurus Duffel Bag";"1";"1";"2014-06-04 19:02:51";"2016-11-02 17:55:21"
"438";"4";"4";"simple";"4180 | Digital Set";"1";"1";"2014-06-06 19:06:35";"2014-12-30 17:45:39"
"439";"4";"4";"simple";"193-viva-set";"1";"1";"2014-06-09 16:18:44";"2016-07-11 17:31:12"
"440";"4";"4";"simple";"240 | Chicago Set";"1";"1";"2014-06-09 23:23:50";"2015-03-10 23:46:11"
"441";"4";"4";"simple";"4140 - Digital Hook Set";"1";"1";"2014-06-10 21:50:25";"2014-06-11 15:48:33"
"442";"4";"4";"simple";NULL;"1";"1";"2014-06-11 15:56:52";"2014-06-11 15:56:52"
"443";"4";"4";"simple";NULL;"1";"1";"2014-06-11 15:57:09";"2014-06-11 15:57:09"
"444";"4";"4";"simple";NULL;"1";"1";"2014-06-11 16:01:19";"2014-06-11 16:01:19"
"445";"4";"4";"simple";NULL;"1";"1";"2014-06-11 16:31:47";"2014-06-11 16:31:47"
"447";"4";"4";"simple";"198 | Toque Set";"1";"1";"2014-06-11 21:18:03";"2016-07-08 22:52:57"
"448";"4";"4";"simple";NULL;"1";"1";"2014-06-19 19:46:45";"2014-06-19 19:46:45"
"449";"4";"4";"simple";"Raptors Set";"1";"1";"2014-07-02 17:53:44";"2016-09-01 17:39:44"
"450";"4";"4";"simple";"514 | PRODIGY";"1";"1";"2014-07-03 22:44:25";"2014-12-15 19:48:03"
"451";"4";"4";"simple";"449SH | Arena Shorts";"1";"1";"2014-07-10 16:35:57";"2016-11-21 22:36:23"
"452";"4";"4";"simple";"478J | Revenge Jersey";"1";"1";"2014-07-10 16:50:13";"2014-09-08 19:21:07"
"453";"4";"4";"simple";"515  | Fight Set";"1";"1";"2014-07-25 18:14:53";"2016-02-10 18:21:38"
"454";"4";"4";"simple";"255 | USA Set";"1";"1";"2014-07-25 19:02:58";"2014-07-25 21:27:48"
"455";"4";"4";"simple";"194 | Mexico Set";"1";"1";"2014-07-25 19:08:50";"2015-12-15 18:21:35"
"456";"4";"4";"simple";"167 | Spain Soccer Jersey";"1";"1";"2014-07-25 19:11:31";"2016-05-03 22:14:14"
"457";"4";"4";"simple";"292 | Portugal Set";"1";"1";"2014-07-25 19:14:31";"2015-12-15 18:19:34"
"458";"4";"4";"simple";"520 | Midcourt Set";"1";"1";"2014-07-31 22:13:59";"2016-01-18 23:34:57"
"459";"4";"4";"simple";"516 | Finisher Set";"1";"1";"2014-08-08 15:22:57";"2016-01-04 20:32:56"
"460";"4";"4";"simple";"4011J | Digi Camo  (Blank)";"1";"1";"2014-08-21 23:25:58";"2015-08-05 17:20:50"
"461";"4";"4";"simple";"707 | Zone Warm Up Set";"1";"1";"2014-09-08 19:48:09";"2016-12-01 20:00:09"
"462";"4";"4";"simple";" 535  | Stars Set";"1";"1";"2014-09-29 22:19:02";"2015-10-06 18:14:16"
"463";"4";"4";"simple";"529 | Brave Set";"1";"1";"2014-10-01 23:01:01";"2016-01-27 17:16:57"
"464";"4";"4";"simple";"527 | Reliant Set";"1";"1";"2014-10-02 22:17:21";"2014-10-02 23:45:02"
"465";"4";"4";"simple";"529P | Brave Package (Home & Away Sets)";"1";"1";"2014-10-06 16:25:54";"2016-01-27 17:37:58"
"466";"4";"4";"simple";"527P | Reliant Package";"1";"1";"2014-10-06 16:35:39";"2015-07-07 15:50:04"
"467";"4";"4";"simple";"453P | Victory Package";"1";"1";"2014-10-06 19:56:56";"2016-01-18 23:44:44"
"468";"4";"4";"simple";"498P | Enigma Package";"1";"1";"2014-10-06 20:04:10";"2016-12-05 20:01:53"
"469";"4";"4";"simple";"530 | Hotshot Set";"1";"1";"2014-10-06 23:28:45";"2016-01-04 20:23:15"
"470";"4";"4";"simple";"set";"1";"1";"2014-10-17 21:02:01";"2015-10-06 18:36:23"
"471";"4";"4";"simple";"292 | Shockwave Jersey";"1";"1";"2014-10-21 20:59:07";"2015-10-02 19:32:54"
"472";"4";"4";"simple";"168 | Germany Jersey";"1";"1";"2014-10-21 21:38:19";"2015-10-02 19:33:34"
"473";"4";"4";"simple";"264 | Colombia Jersey";"1";"1";"2014-10-31 22:41:40";"2016-10-19 23:22:04"
"474";"4";"4";"simple";"454 | Prima Set";"1";"1";"2014-12-01 23:53:40";"2016-09-29 23:10:22"
"475";"4";"4";"simple";"7705 - Hood Jacket-Badger";"1";"1";"2014-12-04 22:32:18";"2014-12-05 23:11:05"
"476";"4";"4";"simple";"7905 - Hood Ladies-Badger";"1";"1";"2014-12-04 22:34:44";"2014-12-05 23:10:46"
"477";"4";"4";"simple";"7711 - Brushed Tricot Pants-Badger";"1";"1";"2014-12-04 22:53:15";"2014-12-05 23:11:23"
"478";"4";"4";"simple";"1464 - Digital Hood-Badger";"1";"1";"2014-12-05 20:10:33";"2014-12-05 23:38:52"
"479";"4";"4";"simple";"8552 - B-Line Rev. Set-Badger";"1";"1";"2014-12-11 23:46:54";"2016-01-04 20:24:09"
"480";"4";"4";"simple";"8548 - B-Key Set-Badger";"1";"1";"2014-12-12 18:28:01";"2015-11-12 22:20:44"
"481";"4";"4";"simple";"531 | Slash Set";"1";"1";"2014-12-17 21:12:31";"2016-01-19 18:01:24"
"482";"4";"4";"simple";"A-73 | Alpha Warm-up Set";"1";"1";"2014-12-29 20:57:31";"2016-01-14 00:14:15"
"483";"4";"4";"simple";"A-71 | Raven Bag";"1";"1";"2014-12-29 21:55:50";"2015-02-23 20:04:37"
"484";"4";"4";"simple";"A-70 | Voyage Bag";"1";"1";"2014-12-29 22:09:19";"2015-02-04 16:27:01"
"485";"4";"4";"simple";"531P | Slash Package (Home & Away Sets)";"1";"1";"2015-01-20 22:14:45";"2016-01-08 00:13:14"
"486";"4";"4";"simple";"504P | Dynamic Package (Home & Away Sets)";"1";"1";"2015-01-22 18:38:10";"2016-02-10 18:15:57"
"487";"4";"4";"simple";"502 | Blade Set";"1";"1";"2015-01-28 21:25:15";"2016-09-29 23:09:49"
"488";"4";"4";"simple";"454S | Prima Set (SALE)";"1";"1";"2015-02-02 21:18:50";"2015-04-01 16:19:31"
"489";"4";"4";"simple";"492S | Front Line Set (SALE)";"1";"1";"2015-02-02 22:57:29";"2016-01-14 23:43:26"
"490";"4";"4";"simple";"478S | Revenge Set (SALE)";"1";"1";"2015-02-02 23:02:13";"2016-09-08 18:39:02"
"491";"4";"4";"simple";"493S | Fast Break Set (SALE)";"1";"1";"2015-02-02 23:45:22";"2015-03-30 23:56:54"
"492";"4";"4";"simple";"453S | Victory Set (SALE)";"1";"1";"2015-02-02 23:52:47";"2015-04-01 16:09:26"
"493";"4";"4";"simple";"482S | Comet Set (Ladies) (SALE)";"1";"1";"2015-02-03 00:03:21";"2016-03-02 22:27:05"
"494";"4";"4";"simple";"503S | Speed Set (SALE)";"1";"1";"2015-02-03 00:30:16";"2015-04-01 16:08:47"
"495";"4";"4";"simple";"518S | Matrix Set (SALE)";"1";"1";"2015-02-03 19:24:33";"2015-04-01 16:08:26"
"496";"4";"4";"simple";"700S | Basic Warm Up Set (SALE)";"1";"1";"2015-02-03 23:26:46";"2016-01-25 19:41:13"
"497";"4";"4";"simple";"513P | Raptors Package (Home & Away Sets)";"1";"1";"2015-02-04 23:21:27";"2016-09-01 17:42:29"
"498";"4";"4";"simple";"819 | Holland Shorts";"1";"1";"2015-02-16 18:50:11";"2016-04-28 19:12:09"
"499";"4";"4";"simple";"503  | Speed Set";"1";"1";"2015-03-02 22:04:34";"2015-10-06 18:59:50"
"500";"4";"4";"simple";"493S | Fast Break Set (SALE2)";"1";"1";"2015-03-30 23:30:50";"2016-01-18 23:37:54"
"501";"4";"4";"simple";"soccer-uniforms-205-Pulse-Jersey";"1";"1";"2015-04-02 19:34:19";"2016-04-20 21:15:31"
"502";"4";"4";"simple";"soccer-uniforms-164-rush-jersey";"1";"1";"2015-04-02 19:41:44";"2016-04-14 23:46:19"
"503";"4";"4";"simple";"soccer-uniforms-175-flame-jersey";"1";"1";"2015-04-02 19:51:21";"2016-04-14 23:47:27"
"504";"4";"4";"simple";"soccer-uniforms-170-panama-jersey";"1";"1";"2015-04-02 19:54:28";"2015-10-28 18:48:58"
"505";"4";"4";"simple";"206 | Leo Soccer Jersey ";"1";"1";"2015-04-15 22:13:15";"2015-04-29 16:35:44"
"506";"4";"4";"simple";"323| New Mexico-G (Ladies)";"1";"1";"2015-04-29 23:13:23";"2015-12-15 20:09:48"
"507";"4";"4";"simple";"345 | Portugal-G Jersey (Ladies)";"1";"1";"2015-04-29 23:18:50";"2015-12-15 20:07:06"
"508";"4";"4";"simple";"343 | Bilvo-G Jersey (Ladies)";"1";"1";"2015-04-29 23:27:52";"2015-12-15 20:06:14"
"509";"4";"4";"simple";"153P | New Mexico Set";"1";"1";"2015-04-30 23:27:31";"2015-12-15 20:23:58"
"510";"4";"4";"simple";"388P | Leo-G Soccer Set";"1";"1";"2015-05-01 19:01:27";"2015-05-21 17:08:15"
"511";"4";"4";"simple";"206P | Leo  Soccer Set";"1";"1";"2015-05-01 19:07:36";"2015-05-22 21:21:57"
"512";"4";"4";"simple";"323P | New Mexico-G Set";"1";"1";"2015-05-01 19:25:12";"2015-12-15 20:08:10"
"513";"4";"4";"simple";"167P | Spain Soccer Set";"1";"1";"2015-05-01 19:32:02";"2015-12-15 20:18:44"
"514";"4";"4";"simple";"264P | Colombia Soccer Set";"1";"1";"2015-05-01 19:39:15";"2015-12-16 00:12:26"
"515";"4";"4";"simple";"387P | Colombia-G Soccer Set";"1";"1";"2015-05-01 22:26:32";"2015-12-16 00:14:20"
"516";"4";"4";"simple";"346P | Spain-G Soccer Set";"1";"1";"2015-05-01 22:30:07";"2015-12-15 20:17:27"
"517";"4";"4";"simple";"346 | Spain-G Soccer Jersey";"1";"1";"2015-05-04 19:52:00";"2016-03-23 20:48:17"
"518";"4";"4";"simple";"322 | Tiro-G Jersey ";"1";"1";"2015-05-04 19:58:16";"2015-12-15 20:05:23"
"519";"4";"4";"simple";"Benfica Package";"1";"1";"2015-05-05 21:56:59";"2015-05-06 19:54:29"
"520";"4";"4";"simple";"Chicago Package";"1";"1";"2015-05-05 22:15:19";"2015-05-07 18:36:56"
"521";"4";"4";"simple";"835 | Fusion Shorts";"1";"1";"2015-05-11 22:27:06";"2016-04-28 19:23:53"
"522";"4";"4";"simple";"595-charger-set";"1";"1";"2015-05-14 23:13:00";"2016-01-21 00:06:36"
"523";"4";"4";"simple";"389 | Blaze  Soccer Jersey";"1";"1";"2015-05-21 19:13:35";"2016-04-21 18:12:21"
"524";"4";"4";"simple";"390 | Spector Soccer Jersey";"1";"1";"2015-05-21 21:52:04";"2015-10-06 18:51:52"
"525";"4";"4";"simple";"836 | Elektra Soccer Shorts";"1";"1";"2015-05-28 17:54:53";"2016-04-28 19:10:59"
"526";"4";"4";"simple";"Zeeni Bee Socks ";"1";"1";"2015-06-05 21:42:09";"2016-10-14 15:02:41"
"527";"4";"4";"simple";"4055  | Camo Flag Football Jersey";"1";"1";"2015-06-18 20:20:56";"2015-06-19 03:02:11"
"528";"4";"4";"simple";"Leo-Package";"1";"1";"2015-06-25 21:04:58";"2016-02-12 20:21:16"
"529";"4";"4";"simple";"498-Enigma Set";"1";"1";"2015-06-26 15:43:29";"2016-02-09 20:49:33"
"530";"4";"4";"simple";"167P-Spain Package";"1";"1";"2015-06-26 19:06:30";"2015-08-17 21:41:25"
"531";"4";"4";"simple";"346P-Spain Package";"1";"1";"2015-06-26 20:49:50";"2015-12-15 20:16:03"
"532";"4";"4";"simple";"1064-J | Gamora Jersey";"1";"1";"2015-06-26 22:27:45";"2016-10-14 14:49:59"
"533";"4";"4";"simple";"388P-Leo-G Package";"1";"1";"2015-07-01 23:20:18";"2015-07-17 17:25:39"
"534";"4";"4";"simple";"526P | Stepback Package    ";"1";"1";"2015-07-07 16:10:45";"2016-01-18 23:41:29"
"535";"4";"4";"simple";"526-Stepback Basketball Set";"1";"1";"2015-07-07 18:03:48";"2016-01-18 23:40:47"
"536";"4";"4";"simple";"526S | Stepback Basketball Set(Sale)";"1";"1";"2015-07-07 19:05:47";"2016-01-14 23:42:13"
"537";"4";"4";"simple";"3015 | Gravity Jersey";"1";"1";"2015-07-15 23:34:16";"2015-07-21 23:51:05"
"538";"4";"4";"simple";"3016 |  Vision Jersey";"1";"1";"2015-07-16 23:33:40";"2016-05-23 21:37:08"
"539";"4";"4";"simple";"259IN | USA Soccer Jersey";"1";"1";"2015-07-20 19:51:25";"2015-07-28 15:52:49"
"540";"4";"4";"simple";"259IN | Germany Soccer Jersey";"1";"1";"2015-07-20 21:20:44";"2015-10-28 19:16:21"
"541";"4";"4";"simple";"259IN | Mexico Home Soccer Jersey";"1";"1";"2015-07-20 21:33:07";"2015-10-28 19:06:20"
"542";"4";"4";"simple";"New Zealand Soccer Jersey";"1";"1";"2015-07-20 22:12:48";"2016-04-28 21:56:30"
"543";"4";"4";"simple";"259IN | Brazil Soccer Jersey";"1";"1";"2015-07-20 22:49:20";"2015-10-28 19:30:13"
"544";"4";"4";"simple";"260IN | United Soccer Jersey";"1";"1";"2015-07-20 23:44:10";"2016-04-20 23:40:07"
"545";"4";"4";"simple";"259IN | Cameroon Soccer Jersey";"1";"1";"2015-07-21 16:43:12";"2015-10-28 19:05:22"
"546";"4";"4";"simple";"260in-Dynamo-soccer-jersey";"1";"1";"2015-07-21 17:26:56";"2016-04-20 23:41:38"
"547";"4";"4";"simple";"260in-portland-soccer-jersey";"1";"1";"2015-07-21 18:35:50";"2015-10-28 19:17:40"
"548";"4";"4";"simple";"293SB | Fullback Soccer Set";"1";"1";"2015-07-21 19:03:40";"2015-09-01 22:52:39"
"549";"4";"4";"simple";"3017 | Kinetix Baseball Jersey";"1";"1";"2015-07-21 22:34:14";"2015-07-21 23:08:44"
"550";"4";"4";"simple";"3018-Punisher-fully-sublimated-baseball-jersey";"1";"1";"2015-07-21 23:36:21";"2015-07-23 16:35:26"
"551";"4";"4";"simple";"3018-flash-fully-sublimated-baseball-jersey";"1";"1";"2015-07-22 17:41:57";"2015-07-22 22:34:53"
"552";"4";"4";"simple";"3018-Phantom-fully-sublimated-baseball-jersey";"1";"1";"2015-07-22 21:59:26";"2016-05-23 22:27:47"
"553";"4";"4";"simple";"259in-canada-soccer-jersey";"1";"1";"2015-07-22 23:38:02";"2015-10-28 18:59:43"
"554";"4";"4";"simple";"260IN | Galaxy 2016 Soccer Jersey";"1";"1";"2015-07-23 21:40:14";"2015-10-28 19:19:16"
"555";"4";"4";"simple";"528 | Eurostep Set ";"1";"1";"2015-07-27 19:15:08";"2016-11-18 20:51:52"
"556";"4";"4";"simple";"523-Primetime-set";"1";"1";"2015-08-11 18:39:14";"2016-01-04 20:20:50"
"557";"4";"4";"simple";"293SBP | Fullback Soccer Package";"1";"1";"2015-08-28 21:50:35";"2015-09-02 15:46:20"
"558";"4";"4";"simple";"293 | Fullback Soccer Jersey";"1";"1";"2015-08-31 21:12:04";"2015-10-28 18:55:37"
"559";"4";"4";"simple";"532 | Intensity Set";"1";"1";"2015-08-31 21:22:36";"2016-10-25 16:58:28"
"560";"4";"4";"simple";"294 | Header Soccer Jersey";"1";"1";"2015-09-01 18:40:49";"2015-10-28 18:57:16"
"561";"4";"4";"simple";"294SBP | Header Soccer Package";"1";"1";"2015-09-01 22:28:16";"2015-09-02 15:46:48"
"562";"4";"4";"simple";"839 | Kickoff Shorts";"1";"1";"2015-09-01 22:59:07";"2016-04-28 19:10:09"
"563";"4";"4";"simple";"532S | Intensity Set(Sale)";"1";"1";"2015-09-02 23:48:31";"2016-09-29 23:11:19"
"564";"4";"4";"simple";"717 | Backboard Warm-up Jersey";"1";"1";"2015-09-03 18:22:36";"2016-01-04 20:41:57"
"565";"4";"4";"simple";"700-PT | Breakaway Pants";"1";"1";"2015-09-04 22:43:52";"2015-09-04 22:49:23"
"566";"4";"4";"simple";"718 | Renegade Fully Sublimated Warm-up Jersey";"1";"1";"2015-09-08 19:20:54";"2016-01-04 20:42:58"
"567";"4";"4";"simple";"4055 | Heisman Jersey";"1";"1";"2015-09-09 21:58:28";"2015-09-09 22:04:59"
"568";"4";"4";"simple";"AG9550-dual-threat-football-jersey";"1";"1";"2015-09-09 22:12:47";"2015-09-09 22:37:34"
"569";"4";"4";"simple";"259P | New Zealand Soccer Set";"1";"1";"2015-09-10 22:35:27";"2015-12-03 21:22:14"
"570";"4";"4";"simple";"260P | Dynamo Soccer Set";"1";"1";"2015-09-10 22:58:24";"2015-09-10 23:08:59"
"571";"4";"4";"simple";"P-27 | Pivot Polo Shirt";"1";"1";"2015-09-15 22:21:37";"2015-09-15 22:44:02"
"572";"4";"4";"simple";"259E | USA Soccer Jersey";"1";"1";"2015-09-16 19:03:29";"2016-04-20 23:42:42"
"573";"4";"4";"simple";"Shooter Socks-PROFEET";"0";"0";"2015-09-22 20:32:05";"2015-09-22 22:39:42"
"574";"4";"4";"simple";"536 | Stars Set";"1";"1";"2015-10-07 23:28:12";"2016-01-04 20:19:06"
"575";"4";"4";"simple";"500  | Fuchsia Wrist Band";"0";"0";"2015-10-08 18:10:47";"2015-10-08 18:46:18"
"576";"4";"4";"simple";"540 | Half Court Set";"1";"1";"2015-10-21 16:56:11";"2016-01-04 20:10:25"
"577";"4";"4";"simple";"539 | Overtime Set";"1";"1";"2015-10-21 18:58:22";"2016-01-04 20:14:54"
"578";"4";"4";"simple";"538 | Alley-oop Set";"1";"1";"2015-10-21 21:54:23";"2016-01-04 20:11:50"
"579";"4";"4";"simple";"538P | Alley-Oop Package";"1";"1";"2015-10-22 16:50:50";"2016-01-04 20:13:01"
"580";"4";"4";"simple";"541P | Renegade Package";"1";"1";"2015-10-28 23:53:04";"2016-01-04 20:31:59"
"581";"4";"4";"simple";"537 | Royalty Set";"1";"1";"2015-10-30 19:54:24";"2016-01-04 20:25:39"
"582";"4";"4";"simple";"540-powerup-basketball-set";"1";"1";"2015-11-04 19:52:48";"2016-02-04 21:06:14"
"584";"4";"4";"simple";"540-powerup-jersey";"0";"0";"2015-11-06 23:26:22";"2016-02-04 21:05:41"
"585";"4";"4";"simple";"502s | Blade Set ";"1";"1";"2015-11-18 00:01:00";"2015-11-20 23:01:17"
"586";"4";"4";"simple";"541-renegade-set";"1";"1";"2015-12-07 22:24:11";"2016-01-04 20:30:47"
"587";"4";"4";"simple";"543-Reactive-Basketball-Set";"1";"1";"2015-12-11 17:20:41";"2016-10-04 19:42:03"
"588";"4";"4";"simple";"387 | Colombia-G Jersey";"1";"1";"2015-12-16 19:37:29";"2016-04-20 23:45:25"
"589";"4";"4";"simple";"547 | Bankshot Set ";"1";"1";"2016-01-04 23:11:04";"2016-12-05 20:37:07"
"590";"4";"4";"simple";"546 | Clutch Set ";"1";"1";"2016-01-08 23:05:30";"2016-12-05 20:26:40"
"591";"4";"4";"simple";"Triple Threat Basketball Package";"1";"1";"2016-01-08 23:39:27";"2016-09-08 18:47:48"
"592";"4";"4";"simple";"544 | Aggression Set";"1";"1";"2016-01-12 20:37:58";"2016-10-04 19:40:28"
"593";"4";"4";"simple";"545 | Crusader Basketball Set";"1";"1";"2016-01-12 21:34:51";"2016-10-07 14:49:03"
"594";"4";"4";"simple";"551 | 3 Pointer Basketball Set";"1";"1";"2016-01-13 22:33:06";"2016-09-23 22:25:43"
"595";"4";"4";"simple";"546 | clutch Set-Royal(Sale)";"1";"1";"2016-01-14 23:12:48";"2016-11-17 18:44:18"
"596";"4";"4";"simple";"544 | Aggression Basketball Set";"1";"1";"2016-01-14 23:18:12";"2016-10-04 19:40:51"
"597";"4";"4";"simple";"502 | Blade Set (Reversible)";"1";"1";"2016-01-14 23:23:06";"2016-01-26 21:58:13"
"598";"4";"4";"simple";"N4184 - Short Sleeve Full Button Baseball Jersey";"1";"1";"2016-01-15 16:42:22";"2016-01-22 17:11:06"
"599";"4";"4";"simple";"NW3260 - Womens Color Blocked Pullove";"1";"1";"2016-01-15 18:26:36";"2016-01-15 19:48:42"
"600";"4";"4";"simple";"nw6188 - Womens Softball Pant With Cordin";"1";"1";"2016-01-15 18:35:16";"2016-12-12 18:09:02"
"601";"4";"4";"simple";"n2349 | Speedway Muscle Set ";"1";"1";"2016-01-15 22:20:08";"2016-05-16 22:10:33"
"602";"4";"4";"simple";"1065 | Sweep Softball Jersey";"1";"1";"2016-01-18 17:38:00";"2016-03-08 00:52:29"
"603";"4";"4";"simple";"N2320 | A-Game Set (Reversible)";"1";"1";"2016-01-18 19:31:32";"2016-01-19 22:52:13"
"604";"4";"4";"simple";"548 |  Dynasty  Basketball Set";"1";"1";"2016-01-20 20:24:13";"2016-09-21 23:36:56"
"605";"4";"4";"simple";"548 |  Tip-off  Basketball Set";"1";"1";"2016-01-20 22:30:07";"2016-01-26 23:20:09"
"606";"4";"4";"simple";"548P | Tip-off Package";"1";"1";"2016-01-21 23:11:53";"2016-02-16 00:00:37"
"607";"4";"4";"simple";"549 | Dribble Set";"1";"1";"2016-01-27 17:03:37";"2016-09-29 23:14:44"
"608";"4";"4";"simple";"549P | Dribble Package";"1";"1";"2016-01-27 17:17:17";"2016-09-29 23:15:56"
"609";"4";"4";"simple";"550 | Explosion Sublimated Basketball Set";"1";"1";"2016-02-02 00:13:41";"2016-09-23 19:02:52"
"610";"4";"4";"simple";"552 | Motion Set (Ladies)";"1";"1";"2016-02-03 21:09:02";"2016-09-23 18:57:48"
"611";"4";"4";"simple";"552 | Motion Reversible Set (Ladies)";"1";"1";"2016-02-03 21:59:16";"2016-02-04 00:35:12"
"612";"4";"4";"simple";"Enigma Travel Package";"1";"1";"2016-02-10 16:38:41";"2016-07-20 16:36:25"
"613";"4";"4";"simple";"553 | Cyclone Sublimated Basketball Set";"1";"1";"2016-02-10 21:56:42";"2016-11-04 17:52:53"
"614";"4";"4";"simple";"Super Trans Full-Color Logos ";"0";"0";"2016-02-15 21:10:34";"2016-03-02 23:30:03"
"615";"4";"4";"simple";"Buzzer beater  Package";"1";"1";"2016-02-16 20:45:33";"2016-04-14 16:35:48"
"616";"4";"4";"simple";"Double Team Package";"1";"1";"2016-02-16 22:05:09";"2016-11-02 17:55:58"
"617";"4";"4";"simple";NULL;"1";"1";"2016-02-17 19:11:22";"2016-02-17 19:11:22"
"618";"4";"4";"simple";"554 | Crush Basketball Set";"1";"1";"2016-02-22 22:57:40";"2016-09-09 16:31:52"
"619";"4";"4";"simple";"555 | Digi Camouflage Basketball Set";"1";"1";"2016-02-23 00:29:35";"2016-09-09 16:33:51"
"620";"4";"4";"simple";"241 | Sonic Soccer Jersey ";"1";"1";"2016-03-09 22:45:18";"2016-04-14 23:45:29"
"621";"4";"4";"simple";"618 | Zeeni Elite Basketball Crew Socks";"1";"1";"2016-03-28 15:40:25";"2016-11-30 15:27:31"
"622";"4";"4";"simple";"242 | Dots Soccer Jersey ";"1";"1";"2016-03-28 18:30:26";"2016-04-28 21:49:21"
"623";"4";"4";"simple";"244 | Kicker Soccer Jersey";"1";"1";"2016-04-01 21:04:39";"2016-05-03 21:54:25"
"624";"4";"4";"simple";"SJ10 | HEADER SOCCER SET";"1";"1";"2016-04-01 21:18:49";"2016-04-05 19:16:06"
"625";"4";"4";"simple";"245 | Shift Soccer Jersey ";"1";"1";"2016-04-13 23:02:00";"2016-05-04 18:44:29"
"626";"4";"4";"simple";"246 | Kinsmen Soccer Jersey";"1";"1";"2016-04-13 23:53:08";"2016-04-15 20:48:05"
"627";"4";"4";"simple";"247 | Direction Soccer Jersey";"1";"1";"2016-04-14 17:08:32";"2016-05-03 22:13:15"
"628";"4";"4";"simple";"248 | Razor Soccer Jersey";"1";"1";"2016-04-14 18:45:04";"2016-05-04 18:48:06"
"629";"4";"4";"simple";"250 | Velocity Soccer Jersey ";"1";"1";"2016-04-14 18:53:11";"2016-04-25 21:56:12"
"630";"4";"4";"simple";"261 | Camo Soccer Jersey";"1";"1";"2016-04-15 18:05:08";"2016-05-25 18:16:38"
"631";"4";"4";"simple";"263 | Viper Soccer Jersey";"1";"1";"2016-04-15 19:13:13";"2016-06-07 18:34:05"
"632";"4";"4";"simple";"262 | Vertical Soccer Jersey ";"1";"1";"2016-04-15 21:01:12";"2016-04-28 21:50:20"
"633";"4";"4";"simple";"270 | INFINITY Soccer Jersey";"1";"1";"2016-04-20 23:32:47";"2016-05-03 23:45:40"
"634";"4";"4";"simple";"271 | IGNITE Soccer Jersey";"1";"1";"2016-04-20 23:36:25";"2016-11-08 23:40:33"
"635";"4";"4";"simple";"390 | Phoenix-G Ladies Soccer Jersey";"1";"1";"2016-04-21 16:55:20";"2016-06-08 23:55:14"
"636";"4";"4";"simple";"391 | Tempest-G Ladies Soccer Jersey";"1";"1";"2016-04-21 17:24:43";"2016-06-09 22:09:24"
"637";"4";"4";"simple";NULL;"1";"1";"2016-04-28 19:24:32";"2016-04-28 19:24:32"
"638";"4";"4";"simple";"262 | Vertical Soccer Set";"1";"1";"2016-06-08 16:34:39";"2016-07-05 18:49:28"
"639";"4";"4";"simple";"193p | Viva Package";"1";"1";"2016-07-06 16:57:17";"2016-07-08 22:59:59"
"640";"4";"4";"simple";"198-toque-soccer-package";"1";"1";"2016-07-08 21:37:29";"2016-07-14 22:55:27"
"641";"4";"4";"simple";"273 | Sweeper Soccer Jersey";"1";"1";"2016-07-19 20:19:24";"2016-10-19 15:35:27"
"642";"4";"4";"simple";"274 | Vienna Soccer Jersey";"1";"1";"2016-07-19 21:17:56";"2016-10-19 23:22:57"
"643";"4";"4";"simple";"275 | Scotland Soccer Jersey";"1";"1";"2016-07-21 21:53:41";"2016-10-19 23:23:53"
"644";"4";"4";"simple";"276 | Madrid Soccer Jersey";"1";"1";"2016-07-22 19:48:31";"2016-10-19 23:25:05"
"645";"4";"4";"simple";"560P |  Ladies Full Dye Sublimation Package";"1";"1";"2016-08-31 19:49:11";"2016-09-01 17:38:35"
"646";"4";"4";"simple";"560 | Ladies Full Dye Sublimation Set";"1";"1";"2016-08-31 19:54:48";"2016-11-07 20:26:32"
"647";"4";"4";"simple";"559 | Transition Ladies Full Dye Sublimated Basketball Set";"1";"1";"2016-08-31 21:28:06";"2016-11-07 20:24:06"
"648";"4";"4";"simple";"559P-Transition Ladies Full Dye Sublimation";"1";"1";"2016-08-31 21:34:25";"2016-11-07 20:25:44"
"649";"4";"4";"simple";"561 | Drive Ladies Basketball Set";"1";"1";"2016-08-31 21:38:35";"2016-12-02 18:17:03"
"650";"4";"4";"simple";"564 | Cutter Full Dye Sublimated Basketball Set";"1";"1";"2016-09-01 17:50:46";"2016-09-30 19:04:50"
"651";"4";"4";"simple";"564P | Cutter Full Dye Sublimation Basketball Package";"1";"1";"2016-09-01 17:57:00";"2016-09-30 19:28:36"
"652";"4";"4";"simple";"562 | Speed Cut Basketball Set ";"1";"1";"2016-09-01 19:14:18";"2016-09-16 21:58:34"
"653";"4";"4";"simple";"565 | Forward Full Dye Sublimated Basketball Set";"1";"1";"2016-09-01 20:35:51";"2016-10-11 17:17:41"
"654";"4";"4";"simple";"565P |  Forward Full Dye Sublimation Basketball Package";"1";"1";"2016-09-02 19:08:29";"2016-10-21 22:02:05"
"655";"4";"4";"simple";"557P | Pivot Basketball Package ";"1";"1";"2016-09-02 19:24:59";"2016-09-02 20:46:40"
"656";"4";"4";"simple";"556 | Chase Reversible Set ";"1";"1";"2016-09-06 16:45:54";"2016-09-30 21:38:22"
"657";"4";"4";"simple";"566 | Warriors Basketball Set";"1";"1";"2016-09-14 23:03:59";"2016-09-14 23:41:24"
"658";"4";"4";"simple";"558 | Splash Set";"1";"1";"2016-09-30 21:59:07";"2016-11-23 18:07:07"
"659";"4";"4";"simple";"479 Jammer Jersey";"0";"0";"2016-10-04 15:38:52";"2016-10-20 20:30:00"
"660";"4";"4";"simple";"454 | Prima Jersey";"0";"0";"2016-10-04 16:17:48";"2016-10-21 16:15:41"
"661";"4";"4";"simple";"540 | Powerup Jersey";"0";"0";"2016-10-04 16:45:51";"2016-10-21 15:47:45"
"662";"4";"4";"simple";"548 | Dynasty Jersey";"0";"0";"2016-10-04 18:49:17";"2016-10-20 21:45:55"
"663";"4";"4";"simple";"543 | Perimeter Jersey";"0";"0";"2016-10-04 19:46:58";"2016-10-21 15:48:59"
"664";"4";"4";"simple";"562 | Speed Cut Jersey";"0";"0";"2016-10-05 15:03:57";"2016-10-21 15:50:08"
"665";"4";"4";"simple";"567 | Kris Kross";"1";"1";"2016-10-07 22:23:41";"2016-11-07 23:14:06"
"666";"4";"4";"simple";"561 | Drive Ladies Basketball Package";"1";"1";"2016-10-11 16:14:53";"2016-12-05 20:46:01"
"667";"4";"4";"simple";"553 | Cyclone Sublimated Basketball Package";"1";"1";"2016-10-11 16:45:25";"2016-10-24 17:03:45"
"668";"4";"4";"simple";"563 | Wing Basketball Set";"1";"1";"2016-10-12 17:23:47";"2016-10-12 17:35:00"
"669";"4";"4";"simple";"557 | Pivot Basketball Set";"1";"1";"2016-10-12 17:40:50";"2016-10-12 17:44:25"
"670";"4";"4";"simple";"568 | Heat Dye Sublimated Basketball Set";"1";"1";"2016-10-19 16:11:44";"2016-11-01 23:07:04"
"671";"4";"4";"simple";"569 | Nova Set ";"1";"1";"2016-10-19 19:39:53";"2016-11-03 21:40:04"
"672";"4";"4";"simple";"547 | Bankshot Package";"1";"1";"2016-10-19 21:51:43";"2016-11-04 16:47:56"
"673";"4";"4";"simple";"570 | Cross Over Dye Sublimated Reversible Basketball Set";"1";"1";"2016-10-20 21:55:23";"2016-12-12 21:39:59"
"674";"4";"4";"simple";"571 | Metallic Basketball Set";"1";"1";"2016-10-20 23:43:31";"2016-10-21 19:35:17"
"675";"4";"4";"simple";"276 | Cascade Soccer Jersey";"1";"1";"2016-10-24 21:40:03";"2016-11-08 20:37:40"
"676";"4";"4";"simple";"277 | Prism Soccer Jersey";"1";"1";"2016-10-24 23:14:41";"2016-10-24 23:17:02"
"677";"4";"4";"simple";"276P | Cascade Soccer Set";"1";"1";"2016-10-25 23:07:11";"2016-11-08 20:30:58"
"678";"4";"4";"simple";"277P | Prism Soccer Set";"1";"1";"2016-10-25 23:28:30";"2016-10-26 23:01:31"
"679";"4";"4";"simple";"250P | Velocity Soccer Set";"1";"1";"2016-10-26 22:17:42";"2016-10-26 23:00:49"
"680";"4";"4";"simple";"262P | Vertical  Soccer Set";"1";"1";"2016-10-26 22:20:37";"2016-10-26 23:00:04"
"681";"4";"4";"simple";"206P | Leo Soccer Set";"1";"1";"2016-10-26 22:55:03";"2016-10-26 22:59:29"
"682";"4";"4";"simple";"278 | Drift Soccer Jersey";"1";"1";"2016-10-27 19:05:38";"2016-10-27 22:30:31"
"683";"4";"4";"simple";"279 | Tribute Soccer Jersey";"1";"1";"2016-10-27 19:39:30";"2016-10-31 20:48:55"
"684";"4";"4";"simple";"280 | Vector Soccer Jersey";"1";"1";"2016-10-27 21:21:34";"2016-10-27 21:30:14"
"685";"4";"4";"simple";"281 | Mystic Soccer Jersey";"1";"1";"2016-10-27 22:25:09";"2016-10-27 22:35:01"
"686";"4";"4";"simple";"284 | Caine Soccer Jersey";"1";"1";"2016-10-28 17:26:24";"2016-10-31 23:02:54"
"687";"4";"4";"simple";"285 | Xstreem Soccer Jersey";"1";"1";"2016-10-28 19:09:27";"2016-10-28 19:40:25"
"688";"4";"4";"simple";"572 | Impulse Sublimated Basketball Set";"1";"1";"2016-11-01 22:49:53";"2016-11-03 15:59:30"
"689";"4";"4";"simple";"286 | Alpha Soccer Jersey";"1";"1";"2016-11-01 23:50:37";"2016-11-09 17:29:16"
"690";"4";"4";"simple";"283 | Align Soccer Jersey";"1";"1";"2016-11-02 16:17:23";"2016-11-02 16:25:34"
"691";"4";"4";"simple";"282 | Star Soccer Jersey";"1";"1";"2016-11-02 16:26:40";"2016-11-02 16:28:33"
"692";"4";"4";"simple";"Basketball Warm-up Package";"1";"1";"2016-11-07 20:04:34";"2016-11-28 21:52:28"
"693";"4";"4";"simple";"Basketball Practice Package";"1";"1";"2016-11-07 20:48:57";"2016-11-28 22:13:41"
"694";"4";"4";"simple";"1066 | Pinstripes";"1";"1";"2016-12-05 23:37:57";"2016-12-07 00:06:06"
"695";"4";"4";"simple";"1067 | Supernova ";"1";"1";"2016-12-06 17:40:35";"2016-12-07 00:06:36"
"696";"4";"4";"simple";"1068 | Cougar Full Dye Sublimation Softball Jersey";"1";"1";"2016-12-06 19:01:32";"2016-12-07 00:08:46"
"697";"4";"4";"simple";"1069 | Riptide";"1";"1";"2016-12-06 20:36:15";"2016-12-07 23:06:46"
"698";"4";"4";"simple";"NW3201 | A4 Women's Cooling Performance Crew";"1";"1";"2016-12-06 21:52:42";"2016-12-12 23:29:44"
"699";"4";"4";"simple";"NW3223 | A4 Block Performance V-Neck ";"1";"1";"2016-12-06 22:40:32";"2016-12-13 00:15:00"
"700";"4";"4";"simple";"1070 | Curveball Softball Jersey";"1";"1";"2016-12-06 22:59:38";"2016-12-06 23:08:48"
"701";"4";"4";"simple";"1071 |  Hit-and-run Softball Jersey";"1";"1";"2016-12-06 23:26:49";"2016-12-06 23:29:28"
"702";"4";"4";"simple";"1072 | Starlight Full Dye Sublimation Softball Jersey";"1";"1";"2016-12-07 17:00:32";"2016-12-07 23:05:19"
"703";"4";"4";"simple";"1073 | Prestige Full Dye Sublimation";"1";"1";"2016-12-07 19:45:09";"2016-12-07 22:56:40"
"704";"4";"4";"simple";"1074 | Grand slam Full Dye Sublimation Softball Jersey";"1";"1";"2016-12-07 20:42:15";"2016-12-07 22:55:08"
"705";"4";"4";"simple";"NW3143 | A4 Womens 2-Button Tek Henley";"1";"1";"2016-12-07 22:45:00";"2016-12-12 23:24:59"
"706";"4";"4";"simple";"NW3318 | A4 Womens Sleeveless Henley ";"1";"1";"2016-12-07 23:11:54";"2016-12-13 00:01:18"
"707";"4";"4";"simple";"NW6166 - A4 Woman's Softball Pant";"1";"1";"2016-12-07 23:37:30";"2016-12-07 23:39:47"
