"28";"81";"1";"60"
"28";"81";"2";"60"
"28";"81";"3";"60"
"29";"81";"1";"60"
"29";"81";"2";"60"
"29";"81";"3";"60"
"30";"81";"1";"60"
"30";"81";"2";"60"
"30";"81";"3";"60"
"36";"81";"1";"79"
"36";"81";"2";"79"
"36";"81";"3";"79"
"39";"81";"1";"60"
"39";"81";"2";"60"
"39";"81";"3";"60"
"42";"81";"1";"60"
"42";"81";"2";"60"
"42";"81";"3";"60"
"43";"81";"1";"60"
"43";"81";"2";"60"
"43";"81";"3";"60"
"44";"81";"1";"9"
"44";"81";"2";"9"
"44";"81";"3";"9"
"45";"81";"1";"60"
"45";"81";"2";"60"
"45";"81";"3";"60"
"50";"81";"1";"64"
"50";"81";"2";"64"
"50";"81";"3";"64"
"51";"81";"1";"60"
"51";"81";"2";"60"
"51";"81";"3";"60"
"53";"81";"1";"60"
"53";"81";"2";"60"
"53";"81";"3";"60"
"54";"81";"1";"79"
"54";"81";"2";"79"
"54";"81";"3";"79"
"55";"81";"1";"60"
"55";"81";"2";"60"
"55";"81";"3";"60"
"56";"81";"1";"79"
"56";"81";"2";"79"
"56";"81";"3";"79"
"57";"81";"1";"60"
"57";"81";"2";"60"
"57";"81";"3";"60"
"58";"81";"1";"60"
"58";"81";"2";"60"
"58";"81";"3";"60"
"59";"81";"1";"60"
"59";"81";"2";"60"
"59";"81";"3";"60"
"60";"81";"1";"60"
"60";"81";"2";"60"
"60";"81";"3";"60"
"61";"81";"1";"60"
"61";"81";"2";"60"
"61";"81";"3";"60"
"70";"81";"1";"60"
"70";"81";"2";"60"
"70";"81";"3";"60"
"72";"81";"1";"11"
"72";"81";"2";"11"
"72";"81";"3";"11"
"73";"81";"1";"10"
"73";"81";"2";"10"
"73";"81";"3";"10"
"74";"81";"1";"75"
"74";"81";"2";"75"
"74";"81";"3";"75"
"79";"81";"1";"60"
"79";"81";"2";"60"
"79";"81";"3";"60"
"80";"81";"1";"9"
"80";"81";"2";"9"
"80";"81";"3";"9"
"81";"81";"1";"60"
"81";"81";"2";"60"
"81";"81";"3";"60"
"88";"81";"1";"60"
"88";"81";"2";"60"
"88";"81";"3";"60"
"93";"81";"1";"60"
"93";"81";"2";"60"
"93";"81";"3";"60"
"95";"81";"1";"60"
"95";"81";"2";"60"
"95";"81";"3";"60"
"100";"81";"1";"60"
"100";"81";"2";"60"
"100";"81";"3";"60"
"101";"81";"1";"60"
"101";"81";"2";"60"
"101";"81";"3";"60"
"102";"81";"1";"60"
"102";"81";"2";"60"
"102";"81";"3";"60"
"104";"81";"1";"60"
"104";"81";"2";"60"
"104";"81";"3";"60"
"105";"81";"1";"60"
"105";"81";"2";"60"
"105";"81";"3";"60"
"106";"81";"1";"60"
"106";"81";"2";"60"
"106";"81";"3";"60"
"107";"81";"1";"60"
"107";"81";"2";"60"
"107";"81";"3";"60"
"111";"81";"1";"60"
"111";"81";"2";"60"
"111";"81";"3";"60"
"112";"81";"1";"60"
"112";"81";"2";"60"
"112";"81";"3";"60"
"113";"81";"1";"13"
"113";"81";"2";"13"
"113";"81";"3";"13"
"114";"81";"1";"12"
"114";"81";"2";"12"
"114";"81";"3";"12"
"115";"81";"1";"60"
"115";"81";"2";"60"
"115";"81";"3";"60"
"116";"81";"1";"52"
"116";"81";"2";"52"
"116";"81";"3";"52"
"117";"81";"1";"62"
"117";"81";"2";"62"
"117";"81";"3";"62"
"122";"81";"1";"60"
"122";"81";"2";"60"
"122";"81";"3";"60"
"124";"81";"1";"63"
"124";"81";"2";"63"
"124";"81";"3";"63"
"126";"81";"1";"60"
"126";"81";"2";"60"
"126";"81";"3";"60"
"129";"81";"1";"60"
"129";"81";"2";"60"
"129";"81";"3";"60"
"130";"81";"1";"60"
"130";"81";"2";"60"
"130";"81";"3";"60"
"132";"81";"1";"60"
"132";"81";"2";"60"
"132";"81";"3";"60"
"133";"81";"1";"60"
"133";"81";"2";"60"
"133";"81";"3";"60"
"134";"81";"1";"60"
"134";"81";"2";"60"
"134";"81";"3";"60"
"135";"81";"1";"60"
"135";"81";"2";"60"
"135";"81";"3";"60"
"139";"81";"1";"60"
"139";"81";"2";"60"
"139";"81";"3";"60"
"146";"81";"1";"60"
"146";"81";"2";"60"
"146";"81";"3";"60"
"149";"81";"1";"60"
"149";"81";"2";"60"
"149";"81";"3";"60"
"150";"81";"1";"60"
"150";"81";"2";"60"
"150";"81";"3";"60"
"152";"81";"1";"60"
"152";"81";"2";"60"
"152";"81";"3";"60"
"153";"81";"1";"60"
"153";"81";"2";"60"
"153";"81";"3";"60"
"154";"81";"1";"60"
"154";"81";"2";"60"
"154";"81";"3";"60"
"155";"81";"1";"13"
"155";"81";"2";"13"
"155";"81";"3";"13"
"157";"81";"1";"13"
"157";"81";"2";"13"
"157";"81";"3";"13"
"158";"81";"1";"60"
"158";"81";"2";"60"
"158";"81";"3";"60"
"159";"81";"1";"53"
"159";"81";"2";"53"
"159";"81";"3";"53"
"160";"81";"1";"13"
"160";"81";"2";"13"
"160";"81";"3";"13"
"161";"81";"1";"53"
"161";"81";"2";"53"
"161";"81";"3";"53"
"162";"81";"1";"60"
"162";"81";"2";"60"
"162";"81";"3";"60"
"163";"81";"1";"57"
"163";"81";"2";"57"
"163";"81";"3";"57"
"164";"81";"1";"13"
"164";"81";"2";"13"
"164";"81";"3";"13"
"165";"81";"1";"60"
"165";"81";"2";"60"
"165";"81";"3";"60"
"166";"81";"1";"60"
"166";"81";"2";"60"
"166";"81";"3";"60"
"174";"81";"1";"53"
"174";"81";"2";"53"
"174";"81";"3";"53"
"175";"81";"1";"13"
"175";"81";"2";"13"
"175";"81";"3";"13"
"176";"81";"1";"13"
"176";"81";"2";"13"
"176";"81";"3";"13"
"177";"81";"1";"60"
"177";"81";"2";"60"
"177";"81";"3";"60"
"178";"81";"1";"60"
"178";"81";"2";"60"
"178";"81";"3";"60"
"180";"81";"1";"60"
"180";"81";"2";"60"
"180";"81";"3";"60"
"181";"81";"1";"60"
"181";"81";"2";"60"
"181";"81";"3";"60"
"182";"81";"1";"60"
"182";"81";"2";"60"
"182";"81";"3";"60"
"183";"81";"1";"60"
"183";"81";"2";"60"
"183";"81";"3";"60"
"185";"81";"1";"60"
"185";"81";"2";"60"
"185";"81";"3";"60"
"186";"81";"1";"60"
"186";"81";"2";"60"
"186";"81";"3";"60"
"187";"81";"1";"60"
"187";"81";"2";"60"
"187";"81";"3";"60"
"188";"81";"1";"60"
"188";"81";"2";"60"
"188";"81";"3";"60"
"189";"81";"1";"60"
"189";"81";"2";"60"
"189";"81";"3";"60"
"190";"81";"1";"60"
"190";"81";"2";"60"
"190";"81";"3";"60"
"191";"81";"1";"60"
"191";"81";"2";"60"
"191";"81";"3";"60"
"192";"81";"1";"60"
"192";"81";"2";"60"
"192";"81";"3";"60"
"193";"81";"1";"60"
"193";"81";"2";"60"
"193";"81";"3";"60"
"194";"81";"1";"60"
"194";"81";"2";"60"
"194";"81";"3";"60"
"195";"81";"1";"60"
"195";"81";"2";"60"
"195";"81";"3";"60"
"196";"81";"1";"60"
"196";"81";"2";"60"
"196";"81";"3";"60"
"197";"81";"1";"60"
"197";"81";"2";"60"
"197";"81";"3";"60"
"198";"81";"1";"60"
"198";"81";"2";"60"
"198";"81";"3";"60"
"199";"81";"1";"60"
"199";"81";"2";"60"
"199";"81";"3";"60"
"200";"81";"1";"13"
"200";"81";"2";"13"
"200";"81";"3";"13"
"201";"81";"1";"9"
"201";"81";"2";"9"
"201";"81";"3";"9"
"202";"81";"1";"13"
"202";"81";"2";"13"
"202";"81";"3";"13"
"203";"81";"1";"9"
"203";"81";"2";"9"
"203";"81";"3";"9"
"204";"81";"1";"12"
"204";"81";"2";"12"
"204";"81";"3";"12"
"205";"81";"1";"12"
"205";"81";"2";"12"
"205";"81";"3";"12"
"207";"81";"1";"60"
"207";"81";"2";"60"
"207";"81";"3";"60"
"208";"81";"1";"60"
"208";"81";"2";"60"
"208";"81";"3";"60"
"209";"81";"1";"12"
"209";"81";"2";"12"
"209";"81";"3";"12"
"211";"81";"1";"60"
"211";"81";"2";"60"
"211";"81";"3";"60"
"212";"81";"1";"60"
"212";"81";"2";"60"
"212";"81";"3";"60"
"213";"81";"1";"60"
"213";"81";"2";"60"
"213";"81";"3";"60"
"214";"81";"1";"60"
"214";"81";"2";"60"
"214";"81";"3";"60"
"215";"81";"1";"60"
"215";"81";"2";"60"
"215";"81";"3";"60"
"216";"81";"1";"60"
"216";"81";"2";"60"
"216";"81";"3";"60"
"217";"81";"1";"60"
"217";"81";"2";"60"
"217";"81";"3";"60"
"218";"81";"1";"12"
"218";"81";"2";"12"
"218";"81";"3";"12"
"219";"81";"1";"60"
"219";"81";"2";"60"
"219";"81";"3";"60"
"222";"81";"1";"60"
"222";"81";"2";"60"
"222";"81";"3";"60"
"223";"81";"1";"60"
"223";"81";"2";"60"
"223";"81";"3";"60"
"225";"81";"1";"60"
"225";"81";"2";"60"
"225";"81";"3";"60"
"226";"81";"1";"60"
"226";"81";"2";"60"
"226";"81";"3";"60"
"227";"81";"1";"60"
"227";"81";"2";"60"
"227";"81";"3";"60"
"228";"81";"1";"60"
"228";"81";"2";"60"
"228";"81";"3";"60"
"229";"81";"1";"60"
"229";"81";"2";"60"
"229";"81";"3";"60"
"230";"81";"1";"60"
"230";"81";"2";"60"
"230";"81";"3";"60"
"231";"81";"1";"60"
"231";"81";"2";"60"
"231";"81";"3";"60"
"232";"81";"1";"12"
"232";"81";"2";"12"
"232";"81";"3";"12"
"233";"81";"1";"60"
"233";"81";"2";"60"
"233";"81";"3";"60"
"234";"81";"1";"60"
"234";"81";"2";"60"
"234";"81";"3";"60"
"235";"81";"1";"60"
"235";"81";"2";"60"
"235";"81";"3";"60"
"238";"81";"1";"52"
"238";"81";"2";"52"
"238";"81";"3";"52"
"239";"81";"1";"59"
"239";"81";"2";"59"
"239";"81";"3";"59"
"240";"81";"1";"59"
"240";"81";"2";"59"
"240";"81";"3";"59"
"241";"81";"1";"59"
"241";"81";"2";"59"
"241";"81";"3";"59"
"242";"81";"1";"59"
"242";"81";"2";"59"
"242";"81";"3";"59"
"243";"81";"1";"59"
"243";"81";"2";"59"
"243";"81";"3";"59"
"244";"81";"1";"59"
"244";"81";"2";"59"
"244";"81";"3";"59"
"245";"81";"1";"59"
"245";"81";"2";"59"
"245";"81";"3";"59"
"246";"81";"1";"59"
"246";"81";"2";"59"
"246";"81";"3";"59"
"247";"81";"1";"59"
"247";"81";"2";"59"
"247";"81";"3";"59"
"248";"81";"1";"60"
"248";"81";"2";"60"
"248";"81";"3";"60"
"249";"81";"1";"60"
"249";"81";"2";"60"
"249";"81";"3";"60"
"252";"81";"1";"65"
"252";"81";"2";"65"
"252";"81";"3";"65"
"254";"81";"1";"60"
"254";"81";"2";"60"
"254";"81";"3";"60"
"255";"81";"1";"60"
"255";"81";"2";"60"
"255";"81";"3";"60"
"256";"81";"1";"60"
"256";"81";"2";"60"
"256";"81";"3";"60"
"257";"81";"1";"60"
"257";"81";"2";"60"
"257";"81";"3";"60"
"258";"81";"1";"60"
"258";"81";"2";"60"
"258";"81";"3";"60"
"260";"81";"1";"60"
"260";"81";"2";"60"
"260";"81";"3";"60"
"261";"81";"1";"60"
"261";"81";"2";"60"
"261";"81";"3";"60"
"264";"81";"1";"60"
"264";"81";"2";"60"
"264";"81";"3";"60"
"265";"81";"1";"60"
"265";"81";"2";"60"
"265";"81";"3";"60"
"266";"81";"1";"60"
"266";"81";"2";"60"
"266";"81";"3";"60"
"267";"81";"1";"60"
"267";"81";"2";"60"
"267";"81";"3";"60"
"269";"81";"1";"60"
"269";"81";"2";"60"
"269";"81";"3";"60"
"273";"81";"1";"60"
"273";"81";"2";"60"
"273";"81";"3";"60"
"274";"81";"1";"9"
"274";"81";"2";"9"
"274";"81";"3";"9"
"275";"81";"1";"9"
"275";"81";"2";"9"
"275";"81";"3";"9"
"276";"81";"1";"60"
"276";"81";"2";"60"
"276";"81";"3";"60"
"277";"81";"1";"79"
"277";"81";"2";"79"
"277";"81";"3";"79"
"278";"81";"1";"60"
"278";"81";"2";"60"
"278";"81";"3";"60"
"279";"81";"1";"60"
"279";"81";"2";"60"
"279";"81";"3";"60"
"280";"81";"1";"60"
"280";"81";"2";"60"
"280";"81";"3";"60"
"281";"81";"1";"60"
"281";"81";"2";"60"
"281";"81";"3";"60"
"282";"81";"1";"60"
"282";"81";"2";"60"
"282";"81";"3";"60"
"283";"81";"1";"11"
"283";"81";"2";"11"
"283";"81";"3";"11"
"284";"81";"1";"60"
"284";"81";"2";"60"
"284";"81";"3";"60"
"285";"81";"1";"59"
"285";"81";"2";"59"
"285";"81";"3";"59"
"286";"81";"1";"59"
"286";"81";"2";"59"
"286";"81";"3";"59"
"287";"81";"1";"59"
"287";"81";"2";"59"
"287";"81";"3";"59"
"288";"81";"1";"60"
"288";"81";"2";"60"
"288";"81";"3";"60"
"291";"81";"1";"59"
"291";"81";"2";"59"
"291";"81";"3";"59"
"292";"81";"1";"9"
"292";"81";"2";"9"
"292";"81";"3";"9"
"293";"81";"1";"9"
"293";"81";"2";"9"
"293";"81";"3";"9"
"294";"81";"1";"9"
"294";"81";"2";"9"
"294";"81";"3";"9"
"295";"81";"1";"9"
"295";"81";"2";"9"
"295";"81";"3";"9"
"299";"81";"1";"60"
"299";"81";"2";"60"
"299";"81";"3";"60"
"301";"81";"1";"60"
"301";"81";"2";"60"
"301";"81";"3";"60"
"302";"81";"1";"60"
"302";"81";"2";"60"
"302";"81";"3";"60"
"303";"81";"1";"60"
"303";"81";"2";"60"
"303";"81";"3";"60"
"304";"81";"1";"64"
"304";"81";"2";"64"
"304";"81";"3";"64"
"305";"81";"1";"64"
"305";"81";"2";"64"
"305";"81";"3";"64"
"306";"81";"1";"64"
"306";"81";"2";"64"
"306";"81";"3";"64"
"307";"81";"1";"60"
"307";"81";"2";"60"
"307";"81";"3";"60"
"308";"81";"1";"11"
"308";"81";"2";"11"
"308";"81";"3";"11"
"309";"81";"1";"60"
"309";"81";"2";"60"
"309";"81";"3";"60"
"310";"81";"1";"60"
"310";"81";"2";"60"
"310";"81";"3";"60"
"311";"81";"1";"60"
"311";"81";"2";"60"
"311";"81";"3";"60"
"312";"81";"1";"60"
"312";"81";"2";"60"
"312";"81";"3";"60"
"313";"81";"1";"60"
"313";"81";"2";"60"
"313";"81";"3";"60"
"314";"81";"1";"60"
"314";"81";"2";"60"
"314";"81";"3";"60"
"315";"81";"1";"60"
"315";"81";"2";"60"
"315";"81";"3";"60"
"316";"81";"1";"60"
"316";"81";"2";"60"
"316";"81";"3";"60"
"317";"81";"1";"60"
"317";"81";"2";"60"
"317";"81";"3";"60"
"318";"81";"1";"60"
"318";"81";"2";"60"
"318";"81";"3";"60"
"319";"81";"1";"60"
"319";"81";"2";"60"
"319";"81";"3";"60"
"320";"81";"1";"60"
"320";"81";"2";"60"
"320";"81";"3";"60"
"321";"81";"1";"60"
"321";"81";"2";"60"
"321";"81";"3";"60"
"322";"81";"1";"59"
"322";"81";"2";"59"
"322";"81";"3";"59"
"323";"81";"1";"59"
"323";"81";"2";"59"
"323";"81";"3";"59"
"324";"81";"1";"57"
"324";"81";"2";"57"
"324";"81";"3";"57"
"325";"81";"1";"60"
"325";"81";"2";"60"
"325";"81";"3";"60"
"326";"81";"1";"59"
"326";"81";"2";"59"
"326";"81";"3";"59"
"327";"81";"1";"59"
"327";"81";"2";"59"
"327";"81";"3";"59"
"328";"81";"1";"59"
"328";"81";"2";"59"
"328";"81";"3";"59"
"329";"81";"1";"9"
"329";"81";"2";"9"
"329";"81";"3";"9"
"330";"81";"1";"63"
"330";"81";"2";"63"
"330";"81";"3";"63"
"331";"81";"1";"59"
"331";"81";"2";"59"
"331";"81";"3";"59"
"332";"81";"1";"59"
"332";"81";"2";"59"
"332";"81";"3";"59"
"333";"81";"1";"60"
"333";"81";"2";"60"
"333";"81";"3";"60"
"334";"81";"1";"60"
"334";"81";"2";"60"
"334";"81";"3";"60"
"335";"81";"1";"9"
"335";"81";"2";"9"
"335";"81";"3";"9"
"336";"81";"1";"60"
"336";"81";"2";"60"
"336";"81";"3";"60"
"337";"81";"1";"60"
"337";"81";"2";"60"
"337";"81";"3";"60"
"338";"81";"1";"60"
"338";"81";"2";"60"
"338";"81";"3";"60"
"339";"81";"1";"60"
"339";"81";"2";"60"
"339";"81";"3";"60"
"340";"81";"1";"59"
"340";"81";"2";"59"
"340";"81";"3";"59"
"341";"81";"1";"59"
"341";"81";"2";"59"
"341";"81";"3";"59"
"342";"81";"1";"51"
"342";"81";"2";"51"
"342";"81";"3";"51"
"343";"81";"1";"59"
"343";"81";"2";"59"
"343";"81";"3";"59"
"344";"81";"1";"64"
"344";"81";"2";"64"
"344";"81";"3";"64"
"345";"81";"1";"60"
"345";"81";"2";"60"
"345";"81";"3";"60"
"347";"81";"1";"60"
"347";"81";"2";"60"
"347";"81";"3";"60"
"348";"81";"1";"60"
"348";"81";"2";"60"
"348";"81";"3";"60"
"351";"81";"1";"60"
"351";"81";"2";"60"
"351";"81";"3";"60"
"352";"81";"1";"60"
"352";"81";"2";"60"
"352";"81";"3";"60"
"353";"81";"1";"60"
"353";"81";"2";"60"
"353";"81";"3";"60"
"354";"81";"1";"60"
"354";"81";"2";"60"
"354";"81";"3";"60"
"355";"81";"1";"60"
"355";"81";"2";"60"
"355";"81";"3";"60"
"356";"81";"1";"60"
"356";"81";"2";"60"
"356";"81";"3";"60"
"357";"81";"1";"64"
"357";"81";"2";"64"
"357";"81";"3";"64"
"358";"81";"1";"56"
"358";"81";"2";"56"
"358";"81";"3";"56"
"359";"81";"1";"60"
"359";"81";"2";"60"
"359";"81";"3";"60"
"360";"81";"1";"60"
"360";"81";"2";"60"
"360";"81";"3";"60"
"361";"81";"1";"60"
"361";"81";"2";"60"
"361";"81";"3";"60"
"362";"81";"1";"60"
"362";"81";"2";"60"
"362";"81";"3";"60"
"363";"81";"1";"60"
"363";"81";"2";"60"
"363";"81";"3";"60"
"364";"81";"1";"60"
"364";"81";"2";"60"
"364";"81";"3";"60"
"365";"81";"1";"60"
"365";"81";"2";"60"
"365";"81";"3";"60"
"366";"81";"1";"52"
"366";"81";"2";"52"
"366";"81";"3";"52"
"367";"81";"1";"52"
"367";"81";"2";"52"
"367";"81";"3";"52"
"369";"81";"1";"60"
"369";"81";"2";"60"
"369";"81";"3";"60"
"370";"81";"1";"60"
"370";"81";"2";"60"
"370";"81";"3";"60"
"371";"81";"1";"60"
"371";"81";"2";"60"
"371";"81";"3";"60"
"372";"81";"1";"60"
"372";"81";"2";"60"
"372";"81";"3";"60"
"373";"81";"1";"60"
"373";"81";"2";"60"
"373";"81";"3";"60"
"375";"81";"1";"60"
"375";"81";"2";"60"
"375";"81";"3";"60"
"376";"81";"1";"60"
"376";"81";"2";"60"
"376";"81";"3";"60"
"377";"81";"1";"60"
"377";"81";"2";"60"
"377";"81";"3";"60"
"378";"81";"1";"60"
"378";"81";"2";"60"
"378";"81";"3";"60"
"379";"81";"1";"60"
"379";"81";"2";"60"
"379";"81";"3";"60"
"381";"81";"1";"60"
"381";"81";"2";"60"
"381";"81";"3";"60"
"382";"81";"1";"60"
"382";"81";"2";"60"
"382";"81";"3";"60"
"383";"81";"1";"60"
"383";"81";"2";"60"
"383";"81";"3";"60"
"384";"81";"1";"60"
"384";"81";"2";"60"
"384";"81";"3";"60"
"385";"81";"1";"59"
"385";"81";"2";"59"
"385";"81";"3";"59"
"386";"81";"1";"60"
"386";"81";"2";"60"
"386";"81";"3";"60"
"387";"81";"1";"60"
"387";"81";"2";"60"
"387";"81";"3";"60"
"388";"81";"1";"62"
"388";"81";"2";"62"
"388";"81";"3";"62"
"389";"81";"1";"60"
"389";"81";"2";"60"
"389";"81";"3";"60"
"390";"81";"1";"52"
"390";"81";"2";"52"
"390";"81";"3";"52"
"391";"81";"1";"52"
"391";"81";"2";"52"
"391";"81";"3";"52"
"392";"81";"1";"53"
"392";"81";"2";"53"
"392";"81";"3";"53"
"393";"81";"1";"53"
"393";"81";"2";"53"
"393";"81";"3";"53"
"394";"81";"1";"60"
"394";"81";"2";"60"
"394";"81";"3";"60"
"395";"81";"1";"60"
"395";"81";"2";"60"
"395";"81";"3";"60"
"396";"81";"1";"53"
"396";"81";"2";"53"
"396";"81";"3";"53"
"397";"81";"1";"60"
"397";"81";"2";"60"
"397";"81";"3";"60"
"398";"81";"1";"60"
"398";"81";"2";"60"
"398";"81";"3";"60"
"399";"81";"1";"60"
"399";"81";"2";"60"
"399";"81";"3";"60"
"400";"81";"1";"60"
"400";"81";"2";"60"
"400";"81";"3";"60"
"401";"81";"1";"60"
"401";"81";"2";"60"
"401";"81";"3";"60"
"402";"81";"1";"60"
"402";"81";"2";"60"
"402";"81";"3";"60"
"403";"81";"1";"60"
"403";"81";"2";"60"
"403";"81";"3";"60"
"404";"81";"1";"60"
"404";"81";"2";"60"
"404";"81";"3";"60"
"405";"81";"1";"60"
"405";"81";"2";"60"
"405";"81";"3";"60"
"406";"81";"1";"60"
"406";"81";"2";"60"
"406";"81";"3";"60"
"407";"81";"1";"60"
"407";"81";"2";"60"
"407";"81";"3";"60"
"408";"81";"1";"60"
"408";"81";"2";"60"
"408";"81";"3";"60"
"409";"81";"1";"60"
"409";"81";"2";"60"
"409";"81";"3";"60"
"410";"81";"1";"60"
"410";"81";"2";"60"
"410";"81";"3";"60"
"411";"81";"1";"60"
"411";"81";"2";"60"
"411";"81";"3";"60"
"412";"81";"1";"60"
"412";"81";"2";"60"
"412";"81";"3";"60"
"413";"81";"1";"60"
"413";"81";"2";"60"
"413";"81";"3";"60"
"414";"81";"1";"60"
"414";"81";"2";"60"
"414";"81";"3";"60"
"415";"81";"1";"60"
"415";"81";"2";"60"
"415";"81";"3";"60"
"416";"81";"1";"60"
"416";"81";"2";"60"
"416";"81";"3";"60"
"417";"81";"1";"60"
"417";"81";"2";"60"
"417";"81";"3";"60"
"418";"81";"1";"60"
"418";"81";"2";"60"
"418";"81";"3";"60"
"419";"81";"1";"60"
"419";"81";"2";"60"
"419";"81";"3";"60"
"420";"81";"1";"60"
"420";"81";"2";"60"
"420";"81";"3";"60"
"421";"81";"1";"60"
"421";"81";"2";"60"
"421";"81";"3";"60"
"422";"81";"1";"60"
"422";"81";"2";"60"
"422";"81";"3";"60"
"423";"81";"1";"60"
"423";"81";"2";"60"
"423";"81";"3";"60"
"424";"81";"1";"60"
"424";"81";"2";"60"
"424";"81";"3";"60"
"425";"81";"1";"60"
"425";"81";"2";"60"
"425";"81";"3";"60"
"426";"81";"1";"60"
"426";"81";"2";"60"
"426";"81";"3";"60"
"427";"81";"1";"59"
"427";"81";"2";"59"
"427";"81";"3";"59"
"428";"81";"1";"59"
"428";"81";"2";"59"
"428";"81";"3";"59"
"429";"81";"1";"60"
"429";"81";"2";"60"
"429";"81";"3";"60"
"430";"81";"1";"60"
"430";"81";"2";"60"
"430";"81";"3";"60"
"431";"81";"1";"60"
"431";"81";"2";"60"
"431";"81";"3";"60"
"432";"81";"1";"60"
"432";"81";"2";"60"
"432";"81";"3";"60"
"433";"81";"1";"60"
"433";"81";"2";"60"
"433";"81";"3";"60"
"434";"81";"1";"60"
"434";"81";"2";"60"
"434";"81";"3";"60"
"435";"81";"1";"60"
"435";"81";"2";"60"
"435";"81";"3";"60"
"436";"81";"1";"60"
"436";"81";"2";"60"
"436";"81";"3";"60"
"437";"81";"1";"59"
"437";"81";"2";"59"
"437";"81";"3";"59"
"438";"81";"1";"67"
"438";"81";"2";"67"
"438";"81";"3";"67"
"439";"81";"1";"60"
"439";"81";"2";"60"
"439";"81";"3";"60"
"440";"81";"1";"60"
"440";"81";"2";"60"
"440";"81";"3";"60"
"441";"81";"1";"67"
"441";"81";"2";"67"
"441";"81";"3";"67"
"442";"81";"1";"60"
"442";"81";"2";"60"
"442";"81";"3";"60"
"443";"81";"1";"60"
"443";"81";"2";"60"
"443";"81";"3";"60"
"444";"81";"1";"60"
"444";"81";"2";"60"
"444";"81";"3";"60"
"445";"81";"1";"60"
"445";"81";"2";"60"
"445";"81";"3";"60"
"447";"81";"1";"60"
"447";"81";"2";"60"
"447";"81";"3";"60"
"448";"81";"1";"60"
"448";"81";"2";"60"
"448";"81";"3";"60"
"449";"81";"1";"60"
"449";"81";"2";"60"
"449";"81";"3";"60"
"450";"81";"1";"60"
"450";"81";"2";"60"
"450";"81";"3";"60"
"451";"81";"1";"60"
"451";"81";"2";"60"
"451";"81";"3";"60"
"452";"81";"1";"60"
"452";"81";"2";"60"
"452";"81";"3";"60"
"453";"81";"1";"60"
"453";"81";"2";"60"
"453";"81";"3";"60"
"454";"81";"1";"60"
"454";"81";"2";"60"
"454";"81";"3";"60"
"455";"81";"1";"60"
"455";"81";"2";"60"
"455";"81";"3";"60"
"456";"81";"1";"60"
"456";"81";"2";"60"
"456";"81";"3";"60"
"457";"81";"1";"60"
"457";"81";"2";"60"
"457";"81";"3";"60"
"458";"81";"1";"60"
"458";"81";"2";"60"
"458";"81";"3";"60"
"459";"81";"1";"60"
"459";"81";"2";"60"
"459";"81";"3";"60"
"460";"81";"1";"60"
"460";"81";"2";"60"
"460";"81";"3";"60"
"461";"81";"1";"60"
"461";"81";"2";"60"
"461";"81";"3";"60"
"462";"81";"1";"60"
"462";"81";"2";"60"
"462";"81";"3";"60"
"463";"81";"1";"60"
"463";"81";"2";"60"
"463";"81";"3";"60"
"464";"81";"1";"60"
"464";"81";"2";"60"
"464";"81";"3";"60"
"465";"81";"1";"60"
"465";"81";"2";"60"
"465";"81";"3";"60"
"466";"81";"1";"60"
"466";"81";"2";"60"
"466";"81";"3";"60"
"467";"81";"1";"60"
"467";"81";"2";"60"
"467";"81";"3";"60"
"468";"81";"1";"60"
"468";"81";"2";"60"
"468";"81";"3";"60"
"469";"81";"1";"60"
"469";"81";"2";"60"
"469";"81";"3";"60"
"470";"81";"1";"60"
"470";"81";"2";"60"
"470";"81";"3";"60"
"471";"81";"1";"60"
"471";"81";"2";"60"
"471";"81";"3";"60"
"472";"81";"1";"60"
"472";"81";"2";"60"
"472";"81";"3";"60"
"473";"81";"1";"60"
"473";"81";"2";"60"
"473";"81";"3";"60"
"474";"81";"1";"60"
"474";"81";"2";"60"
"474";"81";"3";"60"
"475";"81";"1";"67"
"475";"81";"2";"67"
"475";"81";"3";"67"
"476";"81";"1";"10"
"476";"81";"2";"10"
"476";"81";"3";"10"
"477";"81";"1";"67"
"477";"81";"2";"67"
"477";"81";"3";"67"
"478";"81";"1";"67"
"478";"81";"2";"67"
"478";"81";"3";"67"
"479";"81";"1";"65"
"479";"81";"2";"65"
"479";"81";"3";"65"
"480";"81";"1";"67"
"480";"81";"2";"67"
"480";"81";"3";"67"
"481";"81";"1";"60"
"481";"81";"2";"60"
"481";"81";"3";"60"
"482";"81";"1";"77"
"482";"81";"2";"77"
"482";"81";"3";"77"
"483";"81";"1";"60"
"483";"81";"2";"60"
"483";"81";"3";"60"
"484";"81";"1";"60"
"484";"81";"2";"60"
"484";"81";"3";"60"
"485";"81";"1";"60"
"485";"81";"2";"60"
"485";"81";"3";"60"
"486";"81";"1";"60"
"486";"81";"2";"60"
"486";"81";"3";"60"
"487";"81";"1";"60"
"487";"81";"2";"60"
"487";"81";"3";"60"
"488";"81";"1";"60"
"488";"81";"2";"60"
"488";"81";"3";"60"
"489";"81";"1";"60"
"489";"81";"2";"60"
"489";"81";"3";"60"
"490";"81";"1";"60"
"490";"81";"2";"60"
"490";"81";"3";"60"
"491";"81";"1";"60"
"491";"81";"2";"60"
"491";"81";"3";"60"
"492";"81";"1";"60"
"492";"81";"2";"60"
"492";"81";"3";"60"
"493";"81";"1";"60"
"493";"81";"2";"60"
"493";"81";"3";"60"
"494";"81";"1";"60"
"494";"81";"2";"60"
"494";"81";"3";"60"
"495";"81";"1";"60"
"495";"81";"2";"60"
"495";"81";"3";"60"
"496";"81";"1";"60"
"496";"81";"2";"60"
"496";"81";"3";"60"
"497";"81";"1";"60"
"497";"81";"2";"60"
"497";"81";"3";"60"
"498";"81";"1";"60"
"498";"81";"2";"60"
"498";"81";"3";"60"
"499";"81";"1";"60"
"499";"81";"2";"60"
"499";"81";"3";"60"
"500";"81";"1";"60"
"500";"81";"2";"60"
"500";"81";"3";"60"
"501";"81";"1";"60"
"501";"81";"2";"60"
"501";"81";"3";"60"
"502";"81";"1";"60"
"502";"81";"2";"60"
"502";"81";"3";"60"
"503";"81";"1";"60"
"503";"81";"2";"60"
"503";"81";"3";"60"
"504";"81";"1";"60"
"504";"81";"2";"60"
"504";"81";"3";"60"
"505";"81";"1";"60"
"505";"81";"2";"60"
"505";"81";"3";"60"
"506";"81";"1";"60"
"506";"81";"2";"60"
"506";"81";"3";"60"
"507";"81";"1";"60"
"507";"81";"2";"60"
"507";"81";"3";"60"
"508";"81";"1";"60"
"508";"81";"2";"60"
"508";"81";"3";"60"
"509";"81";"1";"60"
"509";"81";"2";"60"
"509";"81";"3";"60"
"510";"81";"1";"60"
"510";"81";"2";"60"
"510";"81";"3";"60"
"511";"81";"1";"60"
"511";"81";"2";"60"
"511";"81";"3";"60"
"512";"81";"1";"60"
"512";"81";"2";"60"
"512";"81";"3";"60"
"513";"81";"1";"60"
"513";"81";"2";"60"
"513";"81";"3";"60"
"514";"81";"1";"60"
"514";"81";"2";"60"
"514";"81";"3";"60"
"515";"81";"1";"60"
"515";"81";"2";"60"
"515";"81";"3";"60"
"516";"81";"1";"60"
"516";"81";"2";"60"
"516";"81";"3";"60"
"517";"81";"1";"60"
"517";"81";"2";"60"
"517";"81";"3";"60"
"518";"81";"1";"60"
"518";"81";"2";"60"
"518";"81";"3";"60"
"519";"81";"1";"60"
"519";"81";"2";"60"
"519";"81";"3";"60"
"520";"81";"1";"60"
"520";"81";"2";"60"
"520";"81";"3";"60"
"521";"81";"1";"60"
"521";"81";"2";"60"
"521";"81";"3";"60"
"522";"81";"1";"60"
"522";"81";"2";"60"
"522";"81";"3";"60"
"523";"81";"1";"60"
"523";"81";"2";"60"
"523";"81";"3";"60"
"524";"81";"1";"60"
"524";"81";"2";"60"
"524";"81";"3";"60"
"525";"81";"1";"60"
"525";"81";"2";"60"
"525";"81";"3";"60"
"526";"81";"1";"59"
"526";"81";"2";"59"
"526";"81";"3";"59"
"527";"81";"1";"60"
"527";"81";"2";"60"
"527";"81";"3";"60"
"528";"81";"1";"60"
"528";"81";"2";"60"
"528";"81";"3";"60"
"529";"81";"1";"60"
"529";"81";"2";"60"
"529";"81";"3";"60"
"530";"81";"1";"60"
"530";"81";"2";"60"
"530";"81";"3";"60"
"531";"81";"1";"60"
"531";"81";"2";"60"
"531";"81";"3";"60"
"532";"81";"1";"60"
"532";"81";"2";"60"
"532";"81";"3";"60"
"533";"81";"1";"60"
"533";"81";"2";"60"
"533";"81";"3";"60"
"534";"81";"1";"60"
"534";"81";"2";"60"
"534";"81";"3";"60"
"535";"81";"1";"60"
"535";"81";"2";"60"
"535";"81";"3";"60"
"536";"81";"1";"60"
"536";"81";"2";"60"
"536";"81";"3";"60"
"537";"81";"1";"60"
"537";"81";"2";"60"
"537";"81";"3";"60"
"538";"81";"1";"79"
"538";"81";"2";"79"
"538";"81";"3";"79"
"539";"81";"1";"60"
"539";"81";"2";"60"
"539";"81";"3";"60"
"540";"81";"1";"60"
"540";"81";"2";"60"
"540";"81";"3";"60"
"541";"81";"1";"60"
"541";"81";"2";"60"
"541";"81";"3";"60"
"542";"81";"1";"60"
"542";"81";"2";"60"
"542";"81";"3";"60"
"543";"81";"1";"60"
"543";"81";"2";"60"
"543";"81";"3";"60"
"544";"81";"1";"60"
"544";"81";"2";"60"
"544";"81";"3";"60"
"545";"81";"1";"60"
"545";"81";"2";"60"
"545";"81";"3";"60"
"546";"81";"1";"60"
"546";"81";"2";"60"
"546";"81";"3";"60"
"547";"81";"1";"60"
"547";"81";"2";"60"
"547";"81";"3";"60"
"548";"81";"1";"60"
"548";"81";"2";"60"
"548";"81";"3";"60"
"549";"81";"1";"60"
"549";"81";"2";"60"
"549";"81";"3";"60"
"550";"81";"1";"60"
"550";"81";"2";"60"
"550";"81";"3";"60"
"551";"81";"1";"60"
"551";"81";"2";"60"
"551";"81";"3";"60"
"552";"81";"1";"79"
"552";"81";"2";"79"
"552";"81";"3";"79"
"553";"81";"1";"60"
"553";"81";"2";"60"
"553";"81";"3";"60"
"554";"81";"1";"60"
"554";"81";"2";"60"
"554";"81";"3";"60"
"555";"81";"1";"60"
"555";"81";"2";"60"
"555";"81";"3";"60"
"556";"81";"1";"60"
"556";"81";"2";"60"
"556";"81";"3";"60"
"557";"81";"1";"60"
"557";"81";"2";"60"
"557";"81";"3";"60"
"558";"81";"1";"60"
"558";"81";"2";"60"
"558";"81";"3";"60"
"559";"81";"1";"60"
"559";"81";"2";"60"
"559";"81";"3";"60"
"560";"81";"1";"60"
"560";"81";"2";"60"
"560";"81";"3";"60"
"561";"81";"1";"60"
"561";"81";"2";"60"
"561";"81";"3";"60"
"562";"81";"1";"60"
"562";"81";"2";"60"
"562";"81";"3";"60"
"563";"81";"1";"60"
"563";"81";"2";"60"
"563";"81";"3";"60"
"564";"81";"1";"60"
"564";"81";"2";"60"
"564";"81";"3";"60"
"565";"81";"1";"60"
"565";"81";"2";"60"
"565";"81";"3";"60"
"566";"81";"1";"60"
"566";"81";"2";"60"
"566";"81";"3";"60"
"567";"81";"1";"60"
"567";"81";"2";"60"
"567";"81";"3";"60"
"568";"81";"1";"53"
"568";"81";"2";"53"
"568";"81";"3";"53"
"569";"81";"1";"60"
"569";"81";"2";"60"
"569";"81";"3";"60"
"570";"81";"1";"60"
"570";"81";"2";"60"
"570";"81";"3";"60"
"571";"81";"1";"64"
"571";"81";"2";"64"
"571";"81";"3";"64"
"572";"81";"1";"60"
"572";"81";"2";"60"
"572";"81";"3";"60"
"573";"81";"1";"63"
"573";"81";"2";"63"
"573";"81";"3";"63"
"574";"81";"1";"60"
"574";"81";"2";"60"
"574";"81";"3";"60"
"575";"81";"1";"59"
"575";"81";"2";"59"
"575";"81";"3";"59"
"576";"81";"1";"60"
"576";"81";"2";"60"
"576";"81";"3";"60"
"577";"81";"1";"60"
"577";"81";"2";"60"
"577";"81";"3";"60"
"578";"81";"1";"60"
"578";"81";"2";"60"
"578";"81";"3";"60"
"579";"81";"1";"60"
"579";"81";"2";"60"
"579";"81";"3";"60"
"580";"81";"1";"60"
"580";"81";"2";"60"
"580";"81";"3";"60"
"581";"81";"1";"60"
"581";"81";"2";"60"
"581";"81";"3";"60"
"582";"81";"1";"60"
"582";"81";"2";"60"
"582";"81";"3";"60"
"584";"81";"1";"60"
"584";"81";"2";"60"
"584";"81";"3";"60"
"585";"81";"1";"60"
"585";"81";"2";"60"
"585";"81";"3";"60"
"586";"81";"1";"60"
"586";"81";"2";"60"
"586";"81";"3";"60"
"587";"81";"1";"60"
"587";"81";"2";"60"
"587";"81";"3";"60"
"588";"81";"1";"60"
"588";"81";"2";"60"
"588";"81";"3";"60"
"589";"81";"1";"60"
"589";"81";"2";"60"
"589";"81";"3";"60"
"590";"81";"1";"60"
"590";"81";"2";"60"
"590";"81";"3";"60"
"591";"81";"1";"60"
"591";"81";"2";"60"
"591";"81";"3";"60"
"592";"81";"1";"60"
"592";"81";"2";"60"
"592";"81";"3";"60"
"593";"81";"1";"60"
"593";"81";"2";"60"
"593";"81";"3";"60"
"594";"81";"1";"60"
"594";"81";"2";"60"
"594";"81";"3";"60"
"595";"81";"1";"60"
"595";"81";"2";"60"
"595";"81";"3";"60"
"596";"81";"1";"60"
"596";"81";"2";"60"
"596";"81";"3";"60"
"597";"81";"1";"60"
"597";"81";"2";"60"
"597";"81";"3";"60"
"598";"81";"1";"11"
"598";"81";"2";"11"
"598";"81";"3";"11"
"599";"81";"1";"10"
"599";"81";"2";"10"
"599";"81";"3";"10"
"600";"81";"1";"60"
"600";"81";"2";"60"
"600";"81";"3";"60"
"601";"81";"1";"11"
"601";"81";"2";"11"
"601";"81";"3";"11"
"602";"81";"1";"60"
"602";"81";"2";"60"
"602";"81";"3";"60"
"603";"81";"1";"11"
"603";"81";"2";"11"
"603";"81";"3";"11"
"604";"81";"1";"60"
"604";"81";"2";"60"
"604";"81";"3";"60"
"605";"81";"1";"60"
"605";"81";"2";"60"
"605";"81";"3";"60"
"606";"81";"1";"60"
"606";"81";"2";"60"
"606";"81";"3";"60"
"607";"81";"1";"60"
"607";"81";"2";"60"
"607";"81";"3";"60"
"608";"81";"1";"60"
"608";"81";"2";"60"
"608";"81";"3";"60"
"609";"81";"1";"60"
"609";"81";"2";"60"
"609";"81";"3";"60"
"610";"81";"1";"60"
"610";"81";"2";"60"
"610";"81";"3";"60"
"611";"81";"1";"60"
"611";"81";"2";"60"
"611";"81";"3";"60"
"612";"81";"1";"60"
"612";"81";"2";"60"
"612";"81";"3";"60"
"613";"81";"1";"60"
"613";"81";"2";"60"
"613";"81";"3";"60"
"614";"81";"1";"60"
"614";"81";"2";"60"
"614";"81";"3";"60"
"615";"81";"1";"60"
"615";"81";"2";"60"
"615";"81";"3";"60"
"616";"81";"1";"60"
"616";"81";"2";"60"
"616";"81";"3";"60"
"617";"81";"1";"60"
"617";"81";"2";"60"
"617";"81";"3";"60"
"618";"81";"1";"60"
"618";"81";"2";"60"
"618";"81";"3";"60"
"619";"81";"1";"60"
"619";"81";"2";"60"
"619";"81";"3";"60"
"620";"81";"1";"60"
"620";"81";"2";"60"
"620";"81";"3";"60"
"621";"81";"1";"78"
"621";"81";"2";"78"
"621";"81";"3";"78"
"622";"81";"1";"60"
"622";"81";"2";"60"
"622";"81";"3";"60"
"623";"81";"1";"60"
"623";"81";"2";"60"
"623";"81";"3";"60"
"624";"81";"1";"60"
"624";"81";"2";"60"
"624";"81";"3";"60"
"625";"81";"1";"60"
"625";"81";"2";"60"
"625";"81";"3";"60"
"626";"81";"1";"60"
"626";"81";"2";"60"
"626";"81";"3";"60"
"627";"81";"1";"60"
"627";"81";"2";"60"
"627";"81";"3";"60"
"628";"81";"1";"60"
"628";"81";"2";"60"
"628";"81";"3";"60"
"629";"81";"1";"60"
"629";"81";"2";"60"
"629";"81";"3";"60"
"630";"81";"1";"60"
"630";"81";"2";"60"
"630";"81";"3";"60"
"631";"81";"1";"60"
"631";"81";"2";"60"
"631";"81";"3";"60"
"632";"81";"1";"60"
"632";"81";"2";"60"
"632";"81";"3";"60"
"633";"81";"1";"60"
"633";"81";"2";"60"
"633";"81";"3";"60"
"634";"81";"1";"60"
"634";"81";"2";"60"
"634";"81";"3";"60"
"635";"81";"1";"60"
"635";"81";"2";"60"
"635";"81";"3";"60"
"636";"81";"1";"60"
"636";"81";"2";"60"
"636";"81";"3";"60"
"637";"81";"1";"60"
"637";"81";"2";"60"
"637";"81";"3";"60"
"638";"81";"1";"60"
"638";"81";"2";"60"
"638";"81";"3";"60"
"639";"81";"1";"60"
"639";"81";"2";"60"
"639";"81";"3";"60"
"640";"81";"1";"60"
"640";"81";"2";"60"
"640";"81";"3";"60"
"641";"81";"1";"60"
"641";"81";"2";"60"
"641";"81";"3";"60"
"642";"81";"1";"60"
"642";"81";"2";"60"
"642";"81";"3";"60"
"643";"81";"1";"60"
"643";"81";"2";"60"
"643";"81";"3";"60"
"644";"81";"1";"60"
"644";"81";"2";"60"
"644";"81";"3";"60"
"645";"81";"1";"60"
"645";"81";"2";"60"
"645";"81";"3";"60"
"646";"81";"1";"60"
"646";"81";"2";"60"
"646";"81";"3";"60"
"647";"81";"1";"60"
"647";"81";"2";"60"
"647";"81";"3";"60"
"648";"81";"1";"60"
"648";"81";"2";"60"
"648";"81";"3";"60"
"649";"81";"1";"60"
"649";"81";"2";"60"
"649";"81";"3";"60"
"650";"81";"1";"60"
"650";"81";"2";"60"
"650";"81";"3";"60"
"651";"81";"1";"60"
"651";"81";"2";"60"
"651";"81";"3";"60"
"652";"81";"1";"60"
"652";"81";"2";"60"
"652";"81";"3";"60"
"653";"81";"1";"60"
"653";"81";"2";"60"
"653";"81";"3";"60"
"654";"81";"1";"60"
"654";"81";"2";"60"
"654";"81";"3";"60"
"655";"81";"1";"60"
"655";"81";"2";"60"
"655";"81";"3";"60"
"656";"81";"1";"60"
"656";"81";"2";"60"
"656";"81";"3";"60"
"657";"81";"1";"60"
"657";"81";"2";"60"
"657";"81";"3";"60"
"658";"81";"1";"60"
"658";"81";"2";"60"
"658";"81";"3";"60"
"659";"81";"1";"60"
"659";"81";"2";"60"
"659";"81";"3";"60"
"660";"81";"1";"60"
"660";"81";"2";"60"
"660";"81";"3";"60"
"661";"81";"1";"60"
"661";"81";"2";"60"
"661";"81";"3";"60"
"662";"81";"1";"60"
"662";"81";"2";"60"
"662";"81";"3";"60"
"663";"81";"1";"60"
"663";"81";"2";"60"
"663";"81";"3";"60"
"664";"81";"1";"60"
"664";"81";"2";"60"
"664";"81";"3";"60"
"665";"81";"1";"60"
"665";"81";"2";"60"
"665";"81";"3";"60"
"666";"81";"1";"60"
"666";"81";"2";"60"
"666";"81";"3";"60"
"667";"81";"1";"60"
"667";"81";"2";"60"
"667";"81";"3";"60"
"668";"81";"1";"60"
"668";"81";"2";"60"
"668";"81";"3";"60"
"669";"81";"1";"60"
"669";"81";"2";"60"
"669";"81";"3";"60"
"670";"81";"1";"60"
"670";"81";"2";"60"
"670";"81";"3";"60"
"671";"81";"1";"60"
"671";"81";"2";"60"
"671";"81";"3";"60"
"672";"81";"1";"60"
"672";"81";"2";"60"
"672";"81";"3";"60"
"673";"81";"1";"60"
"673";"81";"2";"60"
"673";"81";"3";"60"
"674";"81";"1";"60"
"674";"81";"2";"60"
"674";"81";"3";"60"
"675";"81";"1";"60"
"675";"81";"2";"60"
"675";"81";"3";"60"
"676";"81";"1";"60"
"676";"81";"2";"60"
"676";"81";"3";"60"
"677";"81";"1";"60"
"677";"81";"2";"60"
"677";"81";"3";"60"
"678";"81";"1";"60"
"678";"81";"2";"60"
"678";"81";"3";"60"
"679";"81";"1";"60"
"679";"81";"2";"60"
"679";"81";"3";"60"
"680";"81";"1";"60"
"680";"81";"2";"60"
"680";"81";"3";"60"
"681";"81";"1";"60"
"681";"81";"2";"60"
"681";"81";"3";"60"
"682";"81";"1";"60"
"682";"81";"2";"60"
"682";"81";"3";"60"
"683";"81";"1";"60"
"683";"81";"2";"60"
"683";"81";"3";"60"
"684";"81";"1";"60"
"684";"81";"2";"60"
"684";"81";"3";"60"
"685";"81";"1";"60"
"685";"81";"2";"60"
"685";"81";"3";"60"
"686";"81";"1";"60"
"686";"81";"2";"60"
"686";"81";"3";"60"
"687";"81";"1";"60"
"687";"81";"2";"60"
"687";"81";"3";"60"
"688";"81";"1";"60"
"688";"81";"2";"60"
"688";"81";"3";"60"
"689";"81";"1";"60"
"689";"81";"2";"60"
"689";"81";"3";"60"
"690";"81";"1";"60"
"690";"81";"2";"60"
"690";"81";"3";"60"
"691";"81";"1";"60"
"691";"81";"2";"60"
"691";"81";"3";"60"
"692";"81";"1";"60"
"692";"81";"2";"60"
"692";"81";"3";"60"
"693";"81";"1";"60"
"693";"81";"2";"60"
"693";"81";"3";"60"
"694";"81";"1";"60"
"694";"81";"2";"60"
"694";"81";"3";"60"
"695";"81";"1";"60"
"695";"81";"2";"60"
"695";"81";"3";"60"
"696";"81";"1";"60"
"696";"81";"2";"60"
"696";"81";"3";"60"
"697";"81";"1";"60"
"697";"81";"2";"60"
"697";"81";"3";"60"
"698";"81";"1";"10"
"698";"81";"2";"10"
"698";"81";"3";"10"
"699";"81";"1";"10"
"699";"81";"2";"10"
"699";"81";"3";"10"
"700";"81";"1";"60"
"700";"81";"2";"60"
"700";"81";"3";"60"
"701";"81";"1";"60"
"701";"81";"2";"60"
"701";"81";"3";"60"
"702";"81";"1";"60"
"702";"81";"2";"60"
"702";"81";"3";"60"
"703";"81";"1";"60"
"703";"81";"2";"60"
"703";"81";"3";"60"
"704";"81";"1";"60"
"704";"81";"2";"60"
"704";"81";"3";"60"
"705";"81";"1";"11"
"705";"81";"2";"11"
"705";"81";"3";"11"
"706";"81";"1";"10"
"706";"81";"2";"10"
"706";"81";"3";"10"
"707";"81";"1";"60"
"707";"81";"2";"60"
"707";"81";"3";"60"
"26";"92";"1";"3"
"26";"92";"2";"3"
"26";"92";"3";"3"
"28";"92";"1";"7"
"28";"92";"2";"7"
"28";"92";"3";"7"
"29";"92";"1";"7"
"29";"92";"2";"7"
"29";"92";"3";"7"
"30";"92";"1";"3"
"30";"92";"1";"7"
"30";"92";"2";"3"
"30";"92";"2";"7"
"30";"92";"3";"3"
"30";"92";"3";"7"
"74";"92";"1";"73"
"74";"92";"2";"73"
"74";"92";"3";"73"
"117";"92";"1";"4"
"117";"92";"2";"4"
"117";"92";"3";"4"
"122";"92";"1";"7"
"122";"92";"2";"7"
"122";"92";"3";"7"
"129";"92";"1";"4"
"129";"92";"2";"4"
"129";"92";"3";"4"
"130";"92";"1";"4"
"130";"92";"2";"4"
"130";"92";"3";"4"
"313";"92";"1";"4"
"313";"92";"2";"4"
"313";"92";"3";"4"
"357";"92";"1";"7"
"357";"92";"2";"7"
"357";"92";"3";"7"
"399";"92";"1";"8"
"399";"92";"2";"8"
"399";"92";"3";"8"
"462";"92";"1";"4"
"462";"92";"2";"4"
"462";"92";"3";"4"
"463";"92";"1";"6"
"463";"92";"2";"6"
"463";"92";"3";"6"
"479";"92";"1";"4"
"479";"92";"2";"4"
"479";"92";"3";"4"
"482";"92";"1";"7"
"482";"92";"2";"7"
"482";"92";"3";"7"
"491";"92";"1";"7"
"491";"92";"2";"7"
"491";"92";"3";"7"
"492";"92";"1";"6"
"492";"92";"2";"6"
"492";"92";"3";"6"
"494";"92";"1";"6"
"494";"92";"2";"6"
"494";"92";"3";"6"
"499";"92";"1";"4"
"499";"92";"2";"4"
"499";"92";"3";"4"
"500";"92";"1";"69"
"500";"92";"2";"69"
"500";"92";"3";"69"
"528";"92";"1";"8"
"528";"92";"2";"8"
"528";"92";"3";"8"
"529";"92";"1";"7"
"529";"92";"2";"7"
"529";"92";"3";"7"
"530";"92";"1";"7"
"530";"92";"2";"7"
"530";"92";"3";"7"
"531";"92";"1";"7"
"531";"92";"2";"7"
"531";"92";"3";"7"
"533";"92";"1";"4"
"533";"92";"2";"4"
"533";"92";"3";"4"
"553";"92";"1";"8"
"553";"92";"2";"8"
"553";"92";"3";"8"
"554";"92";"1";"73"
"554";"92";"2";"73"
"554";"92";"3";"73"
"555";"92";"1";"8"
"555";"92";"2";"8"
"555";"92";"3";"8"
"559";"92";"1";"7"
"559";"92";"2";"7"
"559";"92";"3";"7"
"560";"92";"1";"8"
"560";"92";"2";"8"
"560";"92";"3";"8"
"563";"92";"1";"4"
"563";"92";"2";"4"
"563";"92";"3";"4"
"566";"92";"1";"4"
"566";"92";"2";"4"
"566";"92";"3";"4"
"567";"92";"1";"68"
"567";"92";"2";"68"
"567";"92";"3";"68"
"576";"92";"1";"8"
"576";"92";"2";"8"
"576";"92";"3";"8"
"577";"92";"1";"4"
"577";"92";"2";"4"
"577";"92";"3";"4"
"578";"92";"1";"5"
"578";"92";"2";"5"
"578";"92";"3";"5"
"581";"92";"1";"70"
"581";"92";"2";"70"
"581";"92";"3";"70"
"582";"92";"1";"8"
"582";"92";"2";"8"
"582";"92";"3";"8"
"584";"92";"1";"8"
"584";"92";"2";"8"
"584";"92";"3";"8"
"585";"92";"1";"69"
"585";"92";"2";"69"
"585";"92";"3";"69"
"588";"92";"1";"8"
"588";"92";"2";"8"
"588";"92";"3";"8"
"590";"92";"1";"4"
"590";"92";"2";"4"
"590";"92";"3";"4"
"593";"92";"1";"4"
"593";"92";"2";"4"
"593";"92";"3";"4"
"594";"92";"1";"71"
"594";"92";"2";"71"
"594";"92";"3";"71"
"595";"92";"1";"4"
"595";"92";"2";"4"
"595";"92";"3";"4"
"605";"92";"1";"69"
"605";"92";"2";"69"
"605";"92";"3";"69"
"607";"92";"1";"69"
"607";"92";"2";"69"
"607";"92";"3";"69"
"617";"92";"1";"69"
"617";"92";"2";"69"
"617";"92";"3";"69"
"618";"92";"1";"69"
"618";"92";"2";"69"
"618";"92";"3";"69"
"619";"92";"1";"69"
"619";"92";"2";"69"
"619";"92";"3";"69"
"622";"92";"1";"68"
"622";"92";"2";"68"
"622";"92";"3";"68"
"623";"92";"1";"8"
"623";"92";"2";"8"
"623";"92";"3";"8"
"624";"92";"1";"8"
"624";"92";"2";"8"
"624";"92";"3";"8"
"15";"122";"1";"2"
"15";"122";"2";"2"
"15";"122";"3";"2"
"16";"122";"1";"2"
"16";"122";"2";"2"
"16";"122";"3";"2"
"17";"122";"1";"2"
"17";"122";"2";"2"
"17";"122";"3";"2"
"26";"122";"1";"2"
"26";"122";"2";"2"
"26";"122";"3";"2"
"28";"122";"1";"2"
"28";"122";"2";"2"
"28";"122";"3";"2"
"29";"122";"1";"2"
"29";"122";"2";"2"
"29";"122";"3";"2"
"30";"122";"1";"2"
"30";"122";"2";"2"
"30";"122";"3";"2"
"32";"122";"1";"2"
"32";"122";"2";"2"
"32";"122";"3";"2"
"36";"122";"1";"2"
"36";"122";"2";"2"
"36";"122";"3";"2"
"37";"122";"1";"2"
"37";"122";"2";"2"
"37";"122";"3";"2"
"39";"122";"1";"2"
"39";"122";"2";"2"
"39";"122";"3";"2"
"41";"122";"1";"2"
"41";"122";"2";"2"
"41";"122";"3";"2"
"42";"122";"1";"2"
"42";"122";"2";"2"
"42";"122";"3";"2"
"43";"122";"1";"2"
"43";"122";"2";"2"
"43";"122";"3";"2"
"44";"122";"1";"2"
"44";"122";"2";"2"
"44";"122";"3";"2"
"45";"122";"1";"2"
"45";"122";"2";"2"
"45";"122";"3";"2"
"46";"122";"1";"2"
"46";"122";"2";"2"
"46";"122";"3";"2"
"47";"122";"1";"2"
"47";"122";"2";"2"
"47";"122";"3";"2"
"48";"122";"1";"2"
"48";"122";"2";"2"
"48";"122";"3";"2"
"50";"122";"1";"2"
"50";"122";"2";"2"
"50";"122";"3";"2"
"51";"122";"1";"2"
"51";"122";"2";"2"
"51";"122";"3";"2"
"52";"122";"1";"2"
"52";"122";"2";"2"
"52";"122";"3";"2"
"53";"122";"1";"2"
"53";"122";"2";"2"
"53";"122";"3";"2"
"54";"122";"1";"2"
"54";"122";"2";"2"
"54";"122";"3";"2"
"55";"122";"1";"2"
"55";"122";"2";"2"
"55";"122";"3";"2"
"56";"122";"1";"2"
"56";"122";"2";"2"
"56";"122";"3";"2"
"57";"122";"1";"2"
"57";"122";"2";"2"
"57";"122";"3";"2"
"58";"122";"1";"2"
"58";"122";"2";"2"
"58";"122";"3";"2"
"59";"122";"1";"2"
"59";"122";"2";"2"
"59";"122";"3";"2"
"60";"122";"1";"2"
"60";"122";"2";"2"
"60";"122";"3";"2"
"61";"122";"1";"2"
"61";"122";"2";"2"
"61";"122";"3";"2"
"62";"122";"1";"2"
"62";"122";"2";"2"
"62";"122";"3";"2"
"63";"122";"1";"2"
"63";"122";"2";"2"
"63";"122";"3";"2"
"64";"122";"1";"2"
"64";"122";"2";"2"
"64";"122";"3";"2"
"65";"122";"1";"2"
"65";"122";"2";"2"
"65";"122";"3";"2"
"66";"122";"1";"2"
"66";"122";"2";"2"
"66";"122";"3";"2"
"67";"122";"1";"2"
"67";"122";"2";"2"
"67";"122";"3";"2"
"68";"122";"1";"2"
"68";"122";"2";"2"
"68";"122";"3";"2"
"69";"122";"1";"2"
"69";"122";"2";"2"
"69";"122";"3";"2"
"70";"122";"1";"2"
"70";"122";"2";"2"
"70";"122";"3";"2"
"71";"122";"1";"2"
"71";"122";"2";"2"
"71";"122";"3";"2"
"72";"122";"1";"2"
"72";"122";"2";"2"
"72";"122";"3";"2"
"73";"122";"1";"2"
"73";"122";"2";"2"
"73";"122";"3";"2"
"74";"122";"1";"2"
"74";"122";"2";"2"
"74";"122";"3";"2"
"75";"122";"1";"2"
"75";"122";"2";"2"
"75";"122";"3";"2"
"76";"122";"1";"2"
"76";"122";"2";"2"
"76";"122";"3";"2"
"77";"122";"1";"2"
"77";"122";"2";"2"
"77";"122";"3";"2"
"78";"122";"1";"2"
"78";"122";"2";"2"
"78";"122";"3";"2"
"79";"122";"1";"2"
"79";"122";"2";"2"
"79";"122";"3";"2"
"80";"122";"1";"2"
"80";"122";"2";"2"
"80";"122";"3";"2"
"81";"122";"1";"2"
"81";"122";"2";"2"
"81";"122";"3";"2"
"82";"122";"1";"2"
"82";"122";"2";"2"
"82";"122";"3";"2"
"83";"122";"1";"2"
"83";"122";"2";"2"
"83";"122";"3";"2"
"84";"122";"1";"2"
"84";"122";"2";"2"
"84";"122";"3";"2"
"85";"122";"1";"2"
"85";"122";"2";"2"
"85";"122";"3";"2"
"86";"122";"1";"2"
"86";"122";"2";"2"
"86";"122";"3";"2"
"87";"122";"1";"2"
"87";"122";"2";"2"
"87";"122";"3";"2"
"88";"122";"1";"2"
"88";"122";"2";"2"
"88";"122";"3";"2"
"89";"122";"1";"2"
"89";"122";"2";"2"
"89";"122";"3";"2"
"90";"122";"1";"2"
"90";"122";"2";"2"
"90";"122";"3";"2"
"91";"122";"1";"2"
"91";"122";"2";"2"
"91";"122";"3";"2"
"92";"122";"1";"2"
"92";"122";"2";"2"
"92";"122";"3";"2"
"93";"122";"1";"2"
"93";"122";"2";"2"
"93";"122";"3";"2"
"94";"122";"1";"2"
"94";"122";"2";"2"
"94";"122";"3";"2"
"95";"122";"1";"2"
"95";"122";"2";"2"
"95";"122";"3";"2"
"96";"122";"1";"2"
"96";"122";"2";"2"
"96";"122";"3";"2"
"97";"122";"1";"2"
"97";"122";"2";"2"
"97";"122";"3";"2"
"98";"122";"1";"2"
"98";"122";"2";"2"
"98";"122";"3";"2"
"99";"122";"1";"2"
"99";"122";"2";"2"
"99";"122";"3";"2"
"100";"122";"1";"2"
"100";"122";"2";"2"
"100";"122";"3";"2"
"101";"122";"1";"2"
"101";"122";"2";"2"
"101";"122";"3";"2"
"102";"122";"1";"2"
"102";"122";"2";"2"
"102";"122";"3";"2"
"104";"122";"1";"2"
"104";"122";"2";"2"
"104";"122";"3";"2"
"105";"122";"1";"2"
"105";"122";"2";"2"
"105";"122";"3";"2"
"106";"122";"1";"2"
"106";"122";"2";"2"
"106";"122";"3";"2"
"107";"122";"1";"2"
"107";"122";"2";"2"
"107";"122";"3";"2"
"108";"122";"1";"2"
"108";"122";"2";"2"
"108";"122";"3";"2"
"109";"122";"1";"2"
"109";"122";"2";"2"
"109";"122";"3";"2"
"110";"122";"1";"2"
"110";"122";"2";"2"
"110";"122";"3";"2"
"111";"122";"1";"2"
"111";"122";"2";"2"
"111";"122";"3";"2"
"112";"122";"1";"2"
"112";"122";"2";"2"
"112";"122";"3";"2"
"113";"122";"1";"2"
"113";"122";"2";"2"
"113";"122";"3";"2"
"114";"122";"1";"2"
"114";"122";"2";"2"
"114";"122";"3";"2"
"115";"122";"1";"2"
"115";"122";"2";"2"
"115";"122";"3";"2"
"116";"122";"1";"2"
"116";"122";"2";"2"
"116";"122";"3";"2"
"117";"122";"1";"2"
"117";"122";"2";"2"
"117";"122";"3";"2"
"122";"122";"1";"2"
"122";"122";"2";"2"
"122";"122";"3";"2"
"123";"122";"1";"2"
"123";"122";"2";"2"
"123";"122";"3";"2"
"124";"122";"1";"2"
"124";"122";"2";"2"
"124";"122";"3";"2"
"125";"122";"1";"2"
"125";"122";"2";"2"
"125";"122";"3";"2"
"126";"122";"1";"2"
"126";"122";"2";"2"
"126";"122";"3";"2"
"129";"122";"1";"2"
"129";"122";"2";"2"
"129";"122";"3";"2"
"130";"122";"1";"2"
"130";"122";"2";"2"
"130";"122";"3";"2"
"132";"122";"1";"2"
"132";"122";"2";"2"
"132";"122";"3";"2"
"133";"122";"1";"2"
"133";"122";"2";"2"
"133";"122";"3";"2"
"134";"122";"1";"2"
"134";"122";"2";"2"
"134";"122";"3";"2"
"135";"122";"1";"2"
"135";"122";"2";"2"
"135";"122";"3";"2"
"139";"122";"1";"2"
"139";"122";"2";"2"
"139";"122";"3";"2"
"140";"122";"1";"2"
"140";"122";"2";"2"
"140";"122";"3";"2"
"141";"122";"1";"2"
"141";"122";"2";"2"
"141";"122";"3";"2"
"143";"122";"1";"2"
"143";"122";"2";"2"
"143";"122";"3";"2"
"144";"122";"1";"2"
"144";"122";"2";"2"
"144";"122";"3";"2"
"146";"122";"1";"2"
"146";"122";"2";"2"
"146";"122";"3";"2"
"147";"122";"1";"2"
"147";"122";"2";"2"
"147";"122";"3";"2"
"148";"122";"1";"2"
"148";"122";"2";"2"
"148";"122";"3";"2"
"149";"122";"1";"2"
"149";"122";"2";"2"
"149";"122";"3";"2"
"150";"122";"1";"2"
"150";"122";"2";"2"
"150";"122";"3";"2"
"151";"122";"1";"2"
"151";"122";"2";"2"
"151";"122";"3";"2"
"152";"122";"1";"2"
"152";"122";"2";"2"
"152";"122";"3";"2"
"153";"122";"1";"2"
"153";"122";"2";"2"
"153";"122";"3";"2"
"154";"122";"1";"2"
"154";"122";"2";"2"
"154";"122";"3";"2"
"155";"122";"1";"2"
"155";"122";"2";"2"
"155";"122";"3";"2"
"156";"122";"1";"2"
"156";"122";"2";"2"
"156";"122";"3";"2"
"157";"122";"1";"2"
"157";"122";"2";"2"
"157";"122";"3";"2"
"158";"122";"1";"2"
"158";"122";"2";"2"
"158";"122";"3";"2"
"159";"122";"1";"2"
"159";"122";"2";"2"
"159";"122";"3";"2"
"160";"122";"1";"2"
"160";"122";"2";"2"
"160";"122";"3";"2"
"161";"122";"1";"2"
"161";"122";"2";"2"
"161";"122";"3";"2"
"162";"122";"1";"2"
"162";"122";"2";"2"
"162";"122";"3";"2"
"163";"122";"1";"2"
"163";"122";"2";"2"
"163";"122";"3";"2"
"164";"122";"1";"2"
"164";"122";"2";"2"
"164";"122";"3";"2"
"165";"122";"1";"2"
"165";"122";"2";"2"
"165";"122";"3";"2"
"166";"122";"1";"2"
"166";"122";"2";"2"
"166";"122";"3";"2"
"172";"122";"1";"2"
"172";"122";"2";"2"
"172";"122";"3";"2"
"173";"122";"1";"2"
"173";"122";"2";"2"
"173";"122";"3";"2"
"174";"122";"1";"2"
"174";"122";"2";"2"
"174";"122";"3";"2"
"175";"122";"1";"2"
"175";"122";"2";"2"
"175";"122";"3";"2"
"176";"122";"1";"2"
"176";"122";"2";"2"
"176";"122";"3";"2"
"177";"122";"1";"2"
"177";"122";"2";"2"
"177";"122";"3";"2"
"178";"122";"1";"2"
"178";"122";"2";"2"
"178";"122";"3";"2"
"179";"122";"1";"2"
"179";"122";"2";"2"
"179";"122";"3";"2"
"180";"122";"1";"2"
"180";"122";"2";"2"
"180";"122";"3";"2"
"181";"122";"1";"2"
"181";"122";"2";"2"
"181";"122";"3";"2"
"182";"122";"1";"2"
"182";"122";"2";"2"
"182";"122";"3";"2"
"183";"122";"1";"2"
"183";"122";"2";"2"
"183";"122";"3";"2"
"185";"122";"1";"2"
"185";"122";"2";"2"
"185";"122";"3";"2"
"186";"122";"1";"2"
"186";"122";"2";"2"
"186";"122";"3";"2"
"187";"122";"1";"2"
"187";"122";"2";"2"
"187";"122";"3";"2"
"188";"122";"1";"2"
"188";"122";"2";"2"
"188";"122";"3";"2"
"189";"122";"1";"2"
"189";"122";"2";"2"
"189";"122";"3";"2"
"190";"122";"1";"2"
"190";"122";"2";"2"
"190";"122";"3";"2"
"191";"122";"1";"2"
"191";"122";"2";"2"
"191";"122";"3";"2"
"192";"122";"1";"2"
"192";"122";"2";"2"
"192";"122";"3";"2"
"193";"122";"1";"2"
"193";"122";"2";"2"
"193";"122";"3";"2"
"194";"122";"1";"2"
"194";"122";"2";"2"
"194";"122";"3";"2"
"195";"122";"1";"2"
"195";"122";"2";"2"
"195";"122";"3";"2"
"196";"122";"1";"2"
"196";"122";"2";"2"
"196";"122";"3";"2"
"197";"122";"1";"2"
"197";"122";"2";"2"
"197";"122";"3";"2"
"198";"122";"1";"2"
"198";"122";"2";"2"
"198";"122";"3";"2"
"199";"122";"1";"2"
"199";"122";"2";"2"
"199";"122";"3";"2"
"200";"122";"1";"0"
"200";"122";"2";"0"
"200";"122";"3";"0"
"201";"122";"1";"2"
"201";"122";"2";"2"
"201";"122";"3";"2"
"202";"122";"1";"2"
"202";"122";"2";"2"
"202";"122";"3";"2"
"203";"122";"1";"2"
"203";"122";"2";"2"
"203";"122";"3";"2"
"204";"122";"1";"2"
"204";"122";"2";"2"
"204";"122";"3";"2"
"205";"122";"1";"2"
"205";"122";"2";"2"
"205";"122";"3";"2"
"207";"122";"1";"2"
"207";"122";"2";"2"
"207";"122";"3";"2"
"208";"122";"1";"2"
"208";"122";"2";"2"
"208";"122";"3";"2"
"209";"122";"1";"2"
"209";"122";"2";"2"
"209";"122";"3";"2"
"211";"122";"1";"2"
"211";"122";"2";"2"
"211";"122";"3";"2"
"212";"122";"1";"2"
"212";"122";"2";"2"
"212";"122";"3";"2"
"213";"122";"1";"2"
"213";"122";"2";"2"
"213";"122";"3";"2"
"214";"122";"1";"2"
"214";"122";"2";"2"
"214";"122";"3";"2"
"215";"122";"1";"2"
"215";"122";"2";"2"
"215";"122";"3";"2"
"216";"122";"1";"2"
"216";"122";"2";"2"
"216";"122";"3";"2"
"217";"122";"1";"2"
"217";"122";"2";"2"
"217";"122";"3";"2"
"218";"122";"1";"2"
"218";"122";"2";"2"
"218";"122";"3";"2"
"219";"122";"1";"2"
"219";"122";"2";"2"
"219";"122";"3";"2"
"220";"122";"1";"2"
"220";"122";"2";"2"
"220";"122";"3";"2"
"221";"122";"1";"2"
"221";"122";"2";"2"
"221";"122";"3";"2"
"222";"122";"1";"2"
"222";"122";"2";"2"
"222";"122";"3";"2"
"223";"122";"1";"2"
"223";"122";"2";"2"
"223";"122";"3";"2"
"224";"122";"1";"2"
"224";"122";"2";"2"
"224";"122";"3";"2"
"225";"122";"1";"2"
"225";"122";"2";"2"
"225";"122";"3";"2"
"226";"122";"1";"2"
"226";"122";"2";"2"
"226";"122";"3";"2"
"227";"122";"1";"2"
"227";"122";"2";"2"
"227";"122";"3";"2"
"228";"122";"1";"2"
"228";"122";"2";"2"
"228";"122";"3";"2"
"229";"122";"1";"2"
"229";"122";"2";"2"
"229";"122";"3";"2"
"230";"122";"1";"2"
"230";"122";"2";"2"
"230";"122";"3";"2"
"231";"122";"1";"2"
"231";"122";"2";"2"
"231";"122";"3";"2"
"232";"122";"1";"2"
"232";"122";"2";"2"
"232";"122";"3";"2"
"233";"122";"1";"2"
"233";"122";"2";"2"
"233";"122";"3";"2"
"234";"122";"1";"2"
"234";"122";"2";"2"
"234";"122";"3";"2"
"235";"122";"1";"2"
"235";"122";"2";"2"
"235";"122";"3";"2"
"236";"122";"1";"2"
"236";"122";"2";"2"
"236";"122";"3";"2"
"238";"122";"1";"2"
"238";"122";"2";"2"
"238";"122";"3";"2"
"239";"122";"1";"2"
"239";"122";"2";"2"
"239";"122";"3";"2"
"240";"122";"1";"2"
"240";"122";"2";"2"
"240";"122";"3";"2"
"241";"122";"1";"2"
"241";"122";"2";"2"
"241";"122";"3";"2"
"242";"122";"1";"2"
"242";"122";"2";"2"
"242";"122";"3";"2"
"243";"122";"1";"2"
"243";"122";"2";"2"
"243";"122";"3";"2"
"244";"122";"1";"2"
"244";"122";"2";"2"
"244";"122";"3";"2"
"245";"122";"1";"2"
"245";"122";"2";"2"
"245";"122";"3";"2"
"246";"122";"1";"2"
"246";"122";"2";"2"
"246";"122";"3";"2"
"247";"122";"1";"2"
"247";"122";"2";"2"
"247";"122";"3";"2"
"248";"122";"1";"2"
"248";"122";"2";"2"
"248";"122";"3";"2"
"249";"122";"1";"2"
"249";"122";"2";"2"
"249";"122";"3";"2"
"251";"122";"1";"2"
"251";"122";"2";"2"
"251";"122";"3";"2"
"252";"122";"1";"2"
"252";"122";"2";"2"
"252";"122";"3";"2"
"253";"122";"1";"2"
"253";"122";"2";"2"
"253";"122";"3";"2"
"254";"122";"1";"2"
"254";"122";"2";"2"
"254";"122";"3";"2"
"255";"122";"1";"2"
"255";"122";"2";"2"
"255";"122";"3";"2"
"256";"122";"1";"2"
"256";"122";"2";"2"
"256";"122";"3";"2"
"257";"122";"1";"2"
"257";"122";"2";"2"
"257";"122";"3";"2"
"258";"122";"1";"2"
"258";"122";"2";"2"
"258";"122";"3";"2"
"259";"122";"1";"2"
"259";"122";"2";"2"
"259";"122";"3";"2"
"260";"122";"1";"2"
"260";"122";"2";"2"
"260";"122";"3";"2"
"261";"122";"1";"2"
"261";"122";"2";"2"
"261";"122";"3";"2"
"262";"122";"1";"2"
"262";"122";"2";"2"
"262";"122";"3";"2"
"263";"122";"1";"2"
"263";"122";"2";"2"
"263";"122";"3";"2"
"264";"122";"1";"2"
"264";"122";"2";"2"
"264";"122";"3";"2"
"265";"122";"1";"2"
"265";"122";"2";"2"
"265";"122";"3";"2"
"266";"122";"1";"2"
"266";"122";"2";"2"
"266";"122";"3";"2"
"267";"122";"1";"2"
"267";"122";"2";"2"
"267";"122";"3";"2"
"268";"122";"1";"2"
"268";"122";"2";"2"
"268";"122";"3";"2"
"269";"122";"1";"2"
"269";"122";"2";"2"
"269";"122";"3";"2"
"270";"122";"1";"2"
"270";"122";"2";"2"
"270";"122";"3";"2"
"271";"122";"1";"2"
"271";"122";"2";"2"
"271";"122";"3";"2"
"272";"122";"1";"2"
"272";"122";"2";"2"
"272";"122";"3";"2"
"273";"122";"1";"2"
"273";"122";"2";"2"
"273";"122";"3";"2"
"274";"122";"1";"2"
"274";"122";"2";"2"
"274";"122";"3";"2"
"275";"122";"1";"2"
"275";"122";"2";"2"
"275";"122";"3";"2"
"276";"122";"1";"2"
"276";"122";"2";"2"
"276";"122";"3";"2"
"277";"122";"1";"2"
"277";"122";"2";"2"
"277";"122";"3";"2"
"278";"122";"1";"2"
"278";"122";"2";"2"
"278";"122";"3";"2"
"279";"122";"1";"2"
"279";"122";"2";"2"
"279";"122";"3";"2"
"280";"122";"1";"2"
"280";"122";"2";"2"
"280";"122";"3";"2"
"281";"122";"1";"2"
"281";"122";"2";"2"
"281";"122";"3";"2"
"282";"122";"1";"2"
"282";"122";"2";"2"
"282";"122";"3";"2"
"283";"122";"1";"2"
"283";"122";"2";"2"
"283";"122";"3";"2"
"284";"122";"1";"2"
"284";"122";"2";"2"
"284";"122";"3";"2"
"285";"122";"1";"0"
"285";"122";"2";"0"
"285";"122";"3";"0"
"286";"122";"1";"2"
"286";"122";"2";"2"
"286";"122";"3";"2"
"287";"122";"1";"2"
"287";"122";"2";"2"
"287";"122";"3";"2"
"288";"122";"1";"2"
"288";"122";"2";"2"
"288";"122";"3";"2"
"289";"122";"1";"2"
"289";"122";"2";"2"
"289";"122";"3";"2"
"290";"122";"1";"2"
"290";"122";"2";"2"
"290";"122";"3";"2"
"291";"122";"1";"2"
"291";"122";"2";"2"
"291";"122";"3";"2"
"292";"122";"1";"2"
"292";"122";"2";"2"
"292";"122";"3";"2"
"293";"122";"1";"2"
"293";"122";"2";"2"
"293";"122";"3";"2"
"294";"122";"1";"2"
"294";"122";"2";"2"
"294";"122";"3";"2"
"295";"122";"1";"2"
"295";"122";"2";"2"
"295";"122";"3";"2"
"296";"122";"1";"2"
"296";"122";"2";"2"
"296";"122";"3";"2"
"297";"122";"1";"2"
"297";"122";"2";"2"
"297";"122";"3";"2"
"299";"122";"1";"2"
"299";"122";"2";"2"
"299";"122";"3";"2"
"301";"122";"1";"2"
"301";"122";"2";"2"
"301";"122";"3";"2"
"302";"122";"1";"2"
"302";"122";"2";"2"
"302";"122";"3";"2"
"303";"122";"1";"2"
"303";"122";"2";"2"
"303";"122";"3";"2"
"304";"122";"1";"2"
"304";"122";"2";"2"
"304";"122";"3";"2"
"305";"122";"1";"2"
"305";"122";"2";"2"
"305";"122";"3";"2"
"306";"122";"1";"2"
"306";"122";"2";"2"
"306";"122";"3";"2"
"307";"122";"1";"2"
"307";"122";"2";"2"
"307";"122";"3";"2"
"308";"122";"1";"2"
"308";"122";"2";"2"
"308";"122";"3";"2"
"309";"122";"1";"2"
"309";"122";"2";"2"
"309";"122";"3";"2"
"310";"122";"1";"2"
"310";"122";"2";"2"
"310";"122";"3";"2"
"311";"122";"1";"2"
"311";"122";"2";"2"
"311";"122";"3";"2"
"312";"122";"1";"2"
"312";"122";"2";"2"
"312";"122";"3";"2"
"313";"122";"1";"2"
"313";"122";"2";"2"
"313";"122";"3";"2"
"314";"122";"1";"2"
"314";"122";"2";"2"
"314";"122";"3";"2"
"315";"122";"1";"2"
"315";"122";"2";"2"
"315";"122";"3";"2"
"316";"122";"1";"2"
"316";"122";"2";"2"
"316";"122";"3";"2"
"317";"122";"1";"2"
"317";"122";"2";"2"
"317";"122";"3";"2"
"318";"122";"1";"2"
"318";"122";"2";"2"
"318";"122";"3";"2"
"319";"122";"1";"2"
"319";"122";"2";"2"
"319";"122";"3";"2"
"320";"122";"1";"2"
"320";"122";"2";"2"
"320";"122";"3";"2"
"321";"122";"1";"2"
"321";"122";"2";"2"
"321";"122";"3";"2"
"322";"122";"1";"2"
"322";"122";"2";"2"
"322";"122";"3";"2"
"323";"122";"1";"2"
"323";"122";"2";"2"
"323";"122";"3";"2"
"324";"122";"1";"2"
"324";"122";"2";"2"
"324";"122";"3";"2"
"325";"122";"1";"2"
"325";"122";"2";"2"
"325";"122";"3";"2"
"326";"122";"1";"2"
"326";"122";"2";"2"
"326";"122";"3";"2"
"327";"122";"1";"2"
"327";"122";"2";"2"
"327";"122";"3";"2"
"328";"122";"1";"2"
"328";"122";"2";"2"
"328";"122";"3";"2"
"329";"122";"1";"2"
"329";"122";"2";"2"
"329";"122";"3";"2"
"330";"122";"1";"2"
"330";"122";"2";"2"
"330";"122";"3";"2"
"331";"122";"1";"2"
"331";"122";"2";"2"
"331";"122";"3";"2"
"332";"122";"1";"2"
"332";"122";"2";"2"
"332";"122";"3";"2"
"333";"122";"1";"2"
"333";"122";"2";"2"
"333";"122";"3";"2"
"334";"122";"1";"2"
"334";"122";"2";"2"
"334";"122";"3";"2"
"335";"122";"1";"2"
"335";"122";"2";"2"
"335";"122";"3";"2"
"336";"122";"1";"2"
"336";"122";"2";"2"
"336";"122";"3";"2"
"337";"122";"1";"2"
"337";"122";"2";"2"
"337";"122";"3";"2"
"338";"122";"1";"2"
"338";"122";"2";"2"
"338";"122";"3";"2"
"339";"122";"1";"2"
"339";"122";"2";"2"
"339";"122";"3";"2"
"340";"122";"1";"2"
"340";"122";"2";"2"
"340";"122";"3";"2"
"341";"122";"1";"2"
"341";"122";"2";"2"
"341";"122";"3";"2"
"342";"122";"1";"2"
"342";"122";"2";"2"
"342";"122";"3";"2"
"343";"122";"1";"2"
"343";"122";"2";"2"
"343";"122";"3";"2"
"344";"122";"1";"2"
"344";"122";"2";"2"
"344";"122";"3";"2"
"345";"122";"1";"2"
"345";"122";"2";"2"
"345";"122";"3";"2"
"347";"122";"1";"2"
"347";"122";"2";"2"
"347";"122";"3";"2"
"348";"122";"1";"2"
"348";"122";"2";"2"
"348";"122";"3";"2"
"351";"122";"1";"2"
"351";"122";"2";"2"
"351";"122";"3";"2"
"352";"122";"1";"2"
"352";"122";"2";"2"
"352";"122";"3";"2"
"353";"122";"1";"2"
"353";"122";"2";"2"
"353";"122";"3";"2"
"354";"122";"1";"2"
"354";"122";"2";"2"
"354";"122";"3";"2"
"355";"122";"1";"2"
"355";"122";"2";"2"
"355";"122";"3";"2"
"356";"122";"1";"2"
"356";"122";"2";"2"
"356";"122";"3";"2"
"357";"122";"1";"2"
"357";"122";"2";"2"
"357";"122";"3";"2"
"358";"122";"1";"2"
"358";"122";"2";"2"
"358";"122";"3";"2"
"359";"122";"1";"2"
"359";"122";"2";"2"
"359";"122";"3";"2"
"360";"122";"1";"2"
"360";"122";"2";"2"
"360";"122";"3";"2"
"361";"122";"1";"2"
"361";"122";"2";"2"
"361";"122";"3";"2"
"362";"122";"1";"2"
"362";"122";"2";"2"
"362";"122";"3";"2"
"363";"122";"1";"2"
"363";"122";"2";"2"
"363";"122";"3";"2"
"364";"122";"1";"2"
"364";"122";"2";"2"
"364";"122";"3";"2"
"365";"122";"1";"2"
"365";"122";"2";"2"
"365";"122";"3";"2"
"366";"122";"1";"2"
"366";"122";"2";"2"
"366";"122";"3";"2"
"367";"122";"1";"2"
"367";"122";"2";"2"
"367";"122";"3";"2"
"369";"122";"1";"2"
"369";"122";"2";"2"
"369";"122";"3";"2"
"370";"122";"1";"2"
"370";"122";"2";"2"
"370";"122";"3";"2"
"371";"122";"1";"2"
"371";"122";"2";"2"
"371";"122";"3";"2"
"372";"122";"1";"2"
"372";"122";"2";"2"
"372";"122";"3";"2"
"373";"122";"1";"2"
"373";"122";"2";"2"
"373";"122";"3";"2"
"375";"122";"1";"2"
"375";"122";"2";"2"
"375";"122";"3";"2"
"376";"122";"1";"2"
"376";"122";"2";"2"
"376";"122";"3";"2"
"377";"122";"1";"2"
"377";"122";"2";"2"
"377";"122";"3";"2"
"378";"122";"1";"2"
"378";"122";"2";"2"
"378";"122";"3";"2"
"379";"122";"1";"2"
"379";"122";"2";"2"
"379";"122";"3";"2"
"381";"122";"1";"2"
"381";"122";"2";"2"
"381";"122";"3";"2"
"382";"122";"1";"2"
"382";"122";"2";"2"
"382";"122";"3";"2"
"383";"122";"1";"2"
"383";"122";"2";"2"
"383";"122";"3";"2"
"384";"122";"1";"2"
"384";"122";"2";"2"
"384";"122";"3";"2"
"385";"122";"1";"0"
"385";"122";"2";"0"
"385";"122";"3";"0"
"386";"122";"1";"2"
"386";"122";"2";"2"
"386";"122";"3";"2"
"387";"122";"1";"2"
"387";"122";"2";"2"
"387";"122";"3";"2"
"388";"122";"1";"2"
"388";"122";"2";"2"
"388";"122";"3";"2"
"389";"122";"1";"2"
"389";"122";"2";"2"
"389";"122";"3";"2"
"390";"122";"1";"2"
"390";"122";"2";"2"
"390";"122";"3";"2"
"391";"122";"1";"2"
"391";"122";"2";"2"
"391";"122";"3";"2"
"392";"122";"1";"2"
"392";"122";"2";"2"
"392";"122";"3";"2"
"393";"122";"1";"2"
"393";"122";"2";"2"
"393";"122";"3";"2"
"394";"122";"1";"2"
"394";"122";"2";"2"
"394";"122";"3";"2"
"395";"122";"1";"2"
"395";"122";"2";"2"
"395";"122";"3";"2"
"396";"122";"1";"2"
"396";"122";"2";"2"
"396";"122";"3";"2"
"397";"122";"1";"2"
"397";"122";"2";"2"
"397";"122";"3";"2"
"398";"122";"1";"2"
"398";"122";"2";"2"
"398";"122";"3";"2"
"399";"122";"1";"2"
"399";"122";"2";"2"
"399";"122";"3";"2"
"400";"122";"1";"2"
"400";"122";"2";"2"
"400";"122";"3";"2"
"401";"122";"1";"2"
"401";"122";"2";"2"
"401";"122";"3";"2"
"402";"122";"1";"2"
"402";"122";"2";"2"
"402";"122";"3";"2"
"403";"122";"1";"2"
"403";"122";"2";"2"
"403";"122";"3";"2"
"404";"122";"1";"2"
"404";"122";"2";"2"
"404";"122";"3";"2"
"405";"122";"1";"2"
"405";"122";"2";"2"
"405";"122";"3";"2"
"406";"122";"1";"2"
"406";"122";"2";"2"
"406";"122";"3";"2"
"407";"122";"1";"2"
"407";"122";"2";"2"
"407";"122";"3";"2"
"408";"122";"1";"2"
"408";"122";"2";"2"
"408";"122";"3";"2"
"409";"122";"1";"2"
"409";"122";"2";"2"
"409";"122";"3";"2"
"410";"122";"1";"2"
"410";"122";"2";"2"
"410";"122";"3";"2"
"411";"122";"1";"2"
"411";"122";"2";"2"
"411";"122";"3";"2"
"412";"122";"1";"2"
"412";"122";"2";"2"
"412";"122";"3";"2"
"413";"122";"1";"2"
"413";"122";"2";"2"
"413";"122";"3";"2"
"414";"122";"1";"2"
"414";"122";"2";"2"
"414";"122";"3";"2"
"415";"122";"1";"2"
"415";"122";"2";"2"
"415";"122";"3";"2"
"416";"122";"1";"2"
"416";"122";"2";"2"
"416";"122";"3";"2"
"417";"122";"1";"2"
"417";"122";"2";"2"
"417";"122";"3";"2"
"418";"122";"1";"2"
"418";"122";"2";"2"
"418";"122";"3";"2"
"419";"122";"1";"2"
"419";"122";"2";"2"
"419";"122";"3";"2"
"420";"122";"1";"2"
"420";"122";"2";"2"
"420";"122";"3";"2"
"421";"122";"1";"2"
"421";"122";"2";"2"
"421";"122";"3";"2"
"422";"122";"1";"2"
"422";"122";"2";"2"
"422";"122";"3";"2"
"423";"122";"1";"2"
"423";"122";"2";"2"
"423";"122";"3";"2"
"424";"122";"1";"2"
"424";"122";"2";"2"
"424";"122";"3";"2"
"425";"122";"1";"2"
"425";"122";"2";"2"
"425";"122";"3";"2"
"426";"122";"1";"2"
"426";"122";"2";"2"
"426";"122";"3";"2"
"427";"122";"1";"2"
"427";"122";"2";"2"
"427";"122";"3";"2"
"428";"122";"1";"2"
"428";"122";"2";"2"
"428";"122";"3";"2"
"429";"122";"1";"2"
"429";"122";"2";"2"
"429";"122";"3";"2"
"430";"122";"1";"2"
"430";"122";"2";"2"
"430";"122";"3";"2"
"431";"122";"1";"2"
"431";"122";"2";"2"
"431";"122";"3";"2"
"432";"122";"1";"2"
"432";"122";"2";"2"
"432";"122";"3";"2"
"433";"122";"1";"2"
"433";"122";"2";"2"
"433";"122";"3";"2"
"434";"122";"1";"2"
"434";"122";"2";"2"
"434";"122";"3";"2"
"435";"122";"1";"2"
"435";"122";"2";"2"
"435";"122";"3";"2"
"436";"122";"1";"2"
"436";"122";"2";"2"
"436";"122";"3";"2"
"437";"122";"1";"2"
"437";"122";"2";"2"
"437";"122";"3";"2"
"438";"122";"1";"2"
"438";"122";"2";"2"
"438";"122";"3";"2"
"439";"122";"1";"2"
"439";"122";"2";"2"
"439";"122";"3";"2"
"440";"122";"1";"2"
"440";"122";"2";"2"
"440";"122";"3";"2"
"441";"122";"1";"2"
"441";"122";"2";"2"
"441";"122";"3";"2"
"442";"122";"1";"2"
"442";"122";"2";"2"
"442";"122";"3";"2"
"443";"122";"1";"2"
"443";"122";"2";"2"
"443";"122";"3";"2"
"444";"122";"1";"2"
"444";"122";"2";"2"
"444";"122";"3";"2"
"445";"122";"1";"2"
"445";"122";"2";"2"
"445";"122";"3";"2"
"447";"122";"1";"2"
"447";"122";"2";"2"
"447";"122";"3";"2"
"448";"122";"1";"2"
"448";"122";"2";"2"
"448";"122";"3";"2"
"449";"122";"1";"2"
"449";"122";"2";"2"
"449";"122";"3";"2"
"450";"122";"1";"2"
"450";"122";"2";"2"
"450";"122";"3";"2"
"451";"122";"1";"2"
"451";"122";"2";"2"
"451";"122";"3";"2"
"452";"122";"1";"2"
"452";"122";"2";"2"
"452";"122";"3";"2"
"453";"122";"1";"2"
"453";"122";"2";"2"
"453";"122";"3";"2"
"454";"122";"1";"2"
"454";"122";"2";"2"
"454";"122";"3";"2"
"455";"122";"1";"2"
"455";"122";"2";"2"
"455";"122";"3";"2"
"456";"122";"1";"2"
"456";"122";"2";"2"
"456";"122";"3";"2"
"457";"122";"1";"2"
"457";"122";"2";"2"
"457";"122";"3";"2"
"458";"122";"1";"2"
"458";"122";"2";"2"
"458";"122";"3";"2"
"459";"122";"1";"2"
"459";"122";"2";"2"
"459";"122";"3";"2"
"460";"122";"1";"2"
"460";"122";"2";"2"
"460";"122";"3";"2"
"461";"122";"1";"2"
"461";"122";"2";"2"
"461";"122";"3";"2"
"462";"122";"1";"2"
"462";"122";"2";"2"
"462";"122";"3";"2"
"463";"122";"1";"2"
"463";"122";"2";"2"
"463";"122";"3";"2"
"464";"122";"1";"2"
"464";"122";"2";"2"
"464";"122";"3";"2"
"465";"122";"1";"2"
"465";"122";"2";"2"
"465";"122";"3";"2"
"466";"122";"1";"2"
"466";"122";"2";"2"
"466";"122";"3";"2"
"467";"122";"1";"2"
"467";"122";"2";"2"
"467";"122";"3";"2"
"468";"122";"1";"2"
"468";"122";"2";"2"
"468";"122";"3";"2"
"469";"122";"1";"2"
"469";"122";"2";"2"
"469";"122";"3";"2"
"470";"122";"1";"2"
"470";"122";"2";"2"
"470";"122";"3";"2"
"471";"122";"1";"2"
"471";"122";"2";"2"
"471";"122";"3";"2"
"472";"122";"1";"2"
"472";"122";"2";"2"
"472";"122";"3";"2"
"473";"122";"1";"2"
"473";"122";"2";"2"
"473";"122";"3";"2"
"474";"122";"1";"2"
"474";"122";"2";"2"
"474";"122";"3";"2"
"475";"122";"1";"2"
"475";"122";"2";"2"
"475";"122";"3";"2"
"476";"122";"1";"2"
"476";"122";"2";"2"
"476";"122";"3";"2"
"477";"122";"1";"2"
"477";"122";"2";"2"
"477";"122";"3";"2"
"478";"122";"1";"2"
"478";"122";"2";"2"
"478";"122";"3";"2"
"479";"122";"1";"2"
"479";"122";"2";"2"
"479";"122";"3";"2"
"480";"122";"1";"2"
"480";"122";"2";"2"
"480";"122";"3";"2"
"481";"122";"1";"2"
"481";"122";"2";"2"
"481";"122";"3";"2"
"482";"122";"1";"2"
"482";"122";"2";"2"
"482";"122";"3";"2"
"483";"122";"1";"2"
"483";"122";"2";"2"
"483";"122";"3";"2"
"484";"122";"1";"2"
"484";"122";"2";"2"
"484";"122";"3";"2"
"485";"122";"1";"2"
"485";"122";"2";"2"
"485";"122";"3";"2"
"486";"122";"1";"2"
"486";"122";"2";"2"
"486";"122";"3";"2"
"487";"122";"1";"2"
"487";"122";"2";"2"
"487";"122";"3";"2"
"488";"122";"1";"2"
"488";"122";"2";"2"
"488";"122";"3";"2"
"489";"122";"1";"2"
"489";"122";"2";"2"
"489";"122";"3";"2"
"490";"122";"1";"2"
"490";"122";"2";"2"
"490";"122";"3";"2"
"491";"122";"1";"2"
"491";"122";"2";"2"
"491";"122";"3";"2"
"492";"122";"1";"2"
"492";"122";"2";"2"
"492";"122";"3";"2"
"493";"122";"1";"2"
"493";"122";"2";"2"
"493";"122";"3";"2"
"494";"122";"1";"2"
"494";"122";"2";"2"
"494";"122";"3";"2"
"495";"122";"1";"2"
"495";"122";"2";"2"
"495";"122";"3";"2"
"496";"122";"1";"2"
"496";"122";"2";"2"
"496";"122";"3";"2"
"497";"122";"1";"2"
"497";"122";"2";"2"
"497";"122";"3";"2"
"498";"122";"1";"2"
"498";"122";"2";"2"
"498";"122";"3";"2"
"499";"122";"1";"2"
"499";"122";"2";"2"
"499";"122";"3";"2"
"500";"122";"1";"2"
"500";"122";"2";"2"
"500";"122";"3";"2"
"501";"122";"1";"2"
"501";"122";"2";"2"
"501";"122";"3";"2"
"502";"122";"1";"2"
"502";"122";"2";"2"
"502";"122";"3";"2"
"503";"122";"1";"2"
"503";"122";"2";"2"
"503";"122";"3";"2"
"504";"122";"1";"2"
"504";"122";"2";"2"
"504";"122";"3";"2"
"505";"122";"1";"2"
"505";"122";"2";"2"
"505";"122";"3";"2"
"506";"122";"1";"2"
"506";"122";"2";"2"
"506";"122";"3";"2"
"507";"122";"1";"2"
"507";"122";"2";"2"
"507";"122";"3";"2"
"508";"122";"1";"2"
"508";"122";"2";"2"
"508";"122";"3";"2"
"509";"122";"1";"2"
"509";"122";"2";"2"
"509";"122";"3";"2"
"510";"122";"1";"2"
"510";"122";"2";"2"
"510";"122";"3";"2"
"511";"122";"1";"2"
"511";"122";"2";"2"
"511";"122";"3";"2"
"512";"122";"1";"2"
"512";"122";"2";"2"
"512";"122";"3";"2"
"513";"122";"1";"2"
"513";"122";"2";"2"
"513";"122";"3";"2"
"514";"122";"1";"2"
"514";"122";"2";"2"
"514";"122";"3";"2"
"515";"122";"1";"2"
"515";"122";"2";"2"
"515";"122";"3";"2"
"516";"122";"1";"2"
"516";"122";"2";"2"
"516";"122";"3";"2"
"517";"122";"1";"2"
"517";"122";"2";"2"
"517";"122";"3";"2"
"518";"122";"1";"2"
"518";"122";"2";"2"
"518";"122";"3";"2"
"519";"122";"1";"2"
"519";"122";"2";"2"
"519";"122";"3";"2"
"520";"122";"1";"2"
"520";"122";"2";"2"
"520";"122";"3";"2"
"521";"122";"1";"2"
"521";"122";"2";"2"
"521";"122";"3";"2"
"522";"122";"1";"2"
"522";"122";"2";"2"
"522";"122";"3";"2"
"523";"122";"1";"2"
"523";"122";"2";"2"
"523";"122";"3";"2"
"524";"122";"1";"2"
"524";"122";"2";"2"
"524";"122";"3";"2"
"525";"122";"1";"2"
"525";"122";"2";"2"
"525";"122";"3";"2"
"526";"122";"1";"2"
"526";"122";"2";"2"
"526";"122";"3";"2"
"527";"122";"1";"2"
"527";"122";"2";"2"
"527";"122";"3";"2"
"528";"122";"1";"2"
"528";"122";"2";"2"
"528";"122";"3";"2"
"529";"122";"1";"2"
"529";"122";"2";"2"
"529";"122";"3";"2"
"530";"122";"1";"2"
"530";"122";"2";"2"
"530";"122";"3";"2"
"531";"122";"1";"2"
"531";"122";"2";"2"
"531";"122";"3";"2"
"532";"122";"1";"2"
"532";"122";"2";"2"
"532";"122";"3";"2"
"533";"122";"1";"2"
"533";"122";"2";"2"
"533";"122";"3";"2"
"534";"122";"1";"2"
"534";"122";"2";"2"
"534";"122";"3";"2"
"535";"122";"1";"2"
"535";"122";"2";"2"
"535";"122";"3";"2"
"536";"122";"1";"2"
"536";"122";"2";"2"
"536";"122";"3";"2"
"537";"122";"1";"2"
"537";"122";"2";"2"
"537";"122";"3";"2"
"538";"122";"1";"2"
"538";"122";"2";"2"
"538";"122";"3";"2"
"539";"122";"1";"2"
"539";"122";"2";"2"
"539";"122";"3";"2"
"540";"122";"1";"2"
"540";"122";"2";"2"
"540";"122";"3";"2"
"541";"122";"1";"2"
"541";"122";"2";"2"
"541";"122";"3";"2"
"542";"122";"1";"2"
"542";"122";"2";"2"
"542";"122";"3";"2"
"543";"122";"1";"2"
"543";"122";"2";"2"
"543";"122";"3";"2"
"544";"122";"1";"2"
"544";"122";"2";"2"
"544";"122";"3";"2"
"545";"122";"1";"2"
"545";"122";"2";"2"
"545";"122";"3";"2"
"546";"122";"1";"2"
"546";"122";"2";"2"
"546";"122";"3";"2"
"547";"122";"1";"2"
"547";"122";"2";"2"
"547";"122";"3";"2"
"548";"122";"1";"2"
"548";"122";"2";"2"
"548";"122";"3";"2"
"549";"122";"1";"2"
"549";"122";"2";"2"
"549";"122";"3";"2"
"550";"122";"1";"2"
"550";"122";"2";"2"
"550";"122";"3";"2"
"551";"122";"1";"2"
"551";"122";"2";"2"
"551";"122";"3";"2"
"552";"122";"1";"2"
"552";"122";"2";"2"
"552";"122";"3";"2"
"553";"122";"1";"2"
"553";"122";"2";"2"
"553";"122";"3";"2"
"554";"122";"1";"2"
"554";"122";"2";"2"
"554";"122";"3";"2"
"555";"122";"1";"2"
"555";"122";"2";"2"
"555";"122";"3";"2"
"556";"122";"1";"2"
"556";"122";"2";"2"
"556";"122";"3";"2"
"557";"122";"1";"2"
"557";"122";"2";"2"
"557";"122";"3";"2"
"558";"122";"1";"2"
"558";"122";"2";"2"
"558";"122";"3";"2"
"559";"122";"1";"2"
"559";"122";"2";"2"
"559";"122";"3";"2"
"560";"122";"1";"2"
"560";"122";"2";"2"
"560";"122";"3";"2"
"561";"122";"1";"2"
"561";"122";"2";"2"
"561";"122";"3";"2"
"562";"122";"1";"2"
"562";"122";"2";"2"
"562";"122";"3";"2"
"563";"122";"1";"2"
"563";"122";"2";"2"
"563";"122";"3";"2"
"564";"122";"1";"2"
"564";"122";"2";"2"
"564";"122";"3";"2"
"565";"122";"1";"2"
"565";"122";"2";"2"
"565";"122";"3";"2"
"566";"122";"1";"2"
"566";"122";"2";"2"
"566";"122";"3";"2"
"567";"122";"1";"2"
"567";"122";"2";"2"
"567";"122";"3";"2"
"568";"122";"1";"2"
"568";"122";"2";"2"
"568";"122";"3";"2"
"569";"122";"1";"2"
"569";"122";"2";"2"
"569";"122";"3";"2"
"570";"122";"1";"2"
"570";"122";"2";"2"
"570";"122";"3";"2"
"571";"122";"1";"2"
"571";"122";"2";"2"
"571";"122";"3";"2"
"572";"122";"1";"2"
"572";"122";"2";"2"
"572";"122";"3";"2"
"573";"122";"1";"2"
"573";"122";"2";"2"
"573";"122";"3";"2"
"574";"122";"1";"2"
"574";"122";"2";"2"
"574";"122";"3";"2"
"575";"122";"1";"2"
"575";"122";"2";"2"
"575";"122";"3";"2"
"576";"122";"1";"2"
"576";"122";"2";"2"
"576";"122";"3";"2"
"577";"122";"1";"2"
"577";"122";"2";"2"
"577";"122";"3";"2"
"578";"122";"1";"2"
"578";"122";"2";"2"
"578";"122";"3";"2"
"579";"122";"1";"2"
"579";"122";"2";"2"
"579";"122";"3";"2"
"580";"122";"1";"2"
"580";"122";"2";"2"
"580";"122";"3";"2"
"581";"122";"1";"2"
"581";"122";"2";"2"
"581";"122";"3";"2"
"582";"122";"1";"2"
"582";"122";"2";"2"
"582";"122";"3";"2"
"584";"122";"1";"2"
"584";"122";"2";"2"
"584";"122";"3";"2"
"585";"122";"1";"2"
"585";"122";"2";"2"
"585";"122";"3";"2"
"586";"122";"1";"2"
"586";"122";"2";"2"
"586";"122";"3";"2"
"587";"122";"1";"2"
"587";"122";"2";"2"
"587";"122";"3";"2"
"588";"122";"1";"2"
"588";"122";"2";"2"
"588";"122";"3";"2"
"589";"122";"1";"2"
"589";"122";"2";"2"
"589";"122";"3";"2"
"590";"122";"1";"2"
"590";"122";"2";"2"
"590";"122";"3";"2"
"591";"122";"1";"2"
"591";"122";"2";"2"
"591";"122";"3";"2"
"592";"122";"1";"2"
"592";"122";"2";"2"
"592";"122";"3";"2"
"593";"122";"1";"2"
"593";"122";"2";"2"
"593";"122";"3";"2"
"594";"122";"1";"2"
"594";"122";"2";"2"
"594";"122";"3";"2"
"595";"122";"1";"2"
"595";"122";"2";"2"
"595";"122";"3";"2"
"596";"122";"1";"2"
"596";"122";"2";"2"
"596";"122";"3";"2"
"597";"122";"1";"2"
"597";"122";"2";"2"
"597";"122";"3";"2"
"598";"122";"1";"2"
"598";"122";"2";"2"
"598";"122";"3";"2"
"599";"122";"1";"2"
"599";"122";"2";"2"
"599";"122";"3";"2"
"600";"122";"1";"2"
"600";"122";"2";"2"
"600";"122";"3";"2"
"601";"122";"1";"2"
"601";"122";"2";"2"
"601";"122";"3";"2"
"602";"122";"1";"2"
"602";"122";"2";"2"
"602";"122";"3";"2"
"603";"122";"1";"2"
"603";"122";"2";"2"
"603";"122";"3";"2"
"604";"122";"1";"2"
"604";"122";"2";"2"
"604";"122";"3";"2"
"605";"122";"1";"2"
"605";"122";"2";"2"
"605";"122";"3";"2"
"606";"122";"1";"2"
"606";"122";"2";"2"
"606";"122";"3";"2"
"607";"122";"1";"2"
"607";"122";"2";"2"
"607";"122";"3";"2"
"608";"122";"1";"2"
"608";"122";"2";"2"
"608";"122";"3";"2"
"609";"122";"1";"2"
"609";"122";"2";"2"
"609";"122";"3";"2"
"610";"122";"1";"2"
"610";"122";"2";"2"
"610";"122";"3";"2"
"611";"122";"1";"2"
"611";"122";"2";"2"
"611";"122";"3";"2"
"612";"122";"1";"2"
"612";"122";"2";"2"
"612";"122";"3";"2"
"613";"122";"1";"2"
"613";"122";"2";"2"
"613";"122";"3";"2"
"614";"122";"1";"2"
"614";"122";"2";"2"
"614";"122";"3";"2"
"615";"122";"1";"2"
"615";"122";"2";"2"
"615";"122";"3";"2"
"616";"122";"1";"2"
"616";"122";"2";"2"
"616";"122";"3";"2"
"617";"122";"1";"2"
"617";"122";"2";"2"
"617";"122";"3";"2"
"618";"122";"1";"2"
"618";"122";"2";"2"
"618";"122";"3";"2"
"619";"122";"1";"2"
"619";"122";"2";"2"
"619";"122";"3";"2"
"620";"122";"1";"2"
"620";"122";"2";"2"
"620";"122";"3";"2"
"621";"122";"1";"2"
"621";"122";"2";"2"
"621";"122";"3";"2"
"622";"122";"1";"2"
"622";"122";"2";"2"
"622";"122";"3";"2"
"623";"122";"1";"2"
"623";"122";"2";"2"
"623";"122";"3";"2"
"624";"122";"1";"2"
"624";"122";"2";"2"
"624";"122";"3";"2"
"625";"122";"1";"2"
"625";"122";"2";"2"
"625";"122";"3";"2"
"626";"122";"1";"2"
"626";"122";"2";"2"
"626";"122";"3";"2"
"627";"122";"1";"2"
"627";"122";"2";"2"
"627";"122";"3";"2"
"628";"122";"1";"2"
"628";"122";"2";"2"
"628";"122";"3";"2"
"629";"122";"1";"2"
"629";"122";"2";"2"
"629";"122";"3";"2"
"630";"122";"1";"2"
"630";"122";"2";"2"
"630";"122";"3";"2"
"631";"122";"1";"2"
"631";"122";"2";"2"
"631";"122";"3";"2"
"632";"122";"1";"2"
"632";"122";"2";"2"
"632";"122";"3";"2"
"633";"122";"1";"2"
"633";"122";"2";"2"
"633";"122";"3";"2"
"634";"122";"1";"2"
"634";"122";"2";"2"
"634";"122";"3";"2"
"635";"122";"1";"2"
"635";"122";"2";"2"
"635";"122";"3";"2"
"636";"122";"1";"2"
"636";"122";"2";"2"
"636";"122";"3";"2"
"637";"122";"1";"2"
"637";"122";"2";"2"
"637";"122";"3";"2"
"638";"122";"1";"2"
"638";"122";"2";"2"
"638";"122";"3";"2"
"639";"122";"1";"2"
"639";"122";"2";"2"
"639";"122";"3";"2"
"640";"122";"1";"2"
"640";"122";"2";"2"
"640";"122";"3";"2"
"641";"122";"1";"2"
"641";"122";"2";"2"
"641";"122";"3";"2"
"642";"122";"1";"2"
"642";"122";"2";"2"
"642";"122";"3";"2"
"643";"122";"1";"2"
"643";"122";"2";"2"
"643";"122";"3";"2"
"644";"122";"1";"2"
"644";"122";"2";"2"
"644";"122";"3";"2"
"645";"122";"1";"2"
"645";"122";"2";"2"
"645";"122";"3";"2"
"646";"122";"1";"2"
"646";"122";"2";"2"
"646";"122";"3";"2"
"647";"122";"1";"2"
"647";"122";"2";"2"
"647";"122";"3";"2"
"648";"122";"1";"2"
"648";"122";"2";"2"
"648";"122";"3";"2"
"649";"122";"1";"2"
"649";"122";"2";"2"
"649";"122";"3";"2"
"650";"122";"1";"2"
"650";"122";"2";"2"
"650";"122";"3";"2"
"651";"122";"1";"2"
"651";"122";"2";"2"
"651";"122";"3";"2"
"652";"122";"1";"2"
"652";"122";"2";"2"
"652";"122";"3";"2"
"653";"122";"1";"2"
"653";"122";"2";"2"
"653";"122";"3";"2"
"654";"122";"1";"2"
"654";"122";"2";"2"
"654";"122";"3";"2"
"655";"122";"1";"2"
"655";"122";"2";"2"
"655";"122";"3";"2"
"656";"122";"1";"2"
"656";"122";"2";"2"
"656";"122";"3";"2"
"657";"122";"1";"2"
"657";"122";"2";"2"
"657";"122";"3";"2"
"658";"122";"1";"2"
"658";"122";"2";"2"
"658";"122";"3";"2"
"659";"122";"1";"0"
"659";"122";"2";"0"
"659";"122";"3";"0"
"660";"122";"1";"0"
"660";"122";"2";"0"
"660";"122";"3";"0"
"661";"122";"1";"0"
"661";"122";"2";"0"
"661";"122";"3";"0"
"662";"122";"1";"2"
"662";"122";"2";"2"
"662";"122";"3";"2"
"663";"122";"1";"0"
"663";"122";"2";"0"
"663";"122";"3";"0"
"664";"122";"1";"0"
"664";"122";"2";"0"
"664";"122";"3";"0"
"665";"122";"1";"2"
"665";"122";"2";"2"
"665";"122";"3";"2"
"666";"122";"1";"2"
"666";"122";"2";"2"
"666";"122";"3";"2"
"667";"122";"1";"2"
"667";"122";"2";"2"
"667";"122";"3";"2"
"668";"122";"1";"2"
"668";"122";"2";"2"
"668";"122";"3";"2"
"669";"122";"1";"2"
"669";"122";"2";"2"
"669";"122";"3";"2"
"670";"122";"1";"2"
"670";"122";"2";"2"
"670";"122";"3";"2"
"671";"122";"1";"2"
"671";"122";"2";"2"
"671";"122";"3";"2"
"672";"122";"1";"2"
"672";"122";"2";"2"
"672";"122";"3";"2"
"673";"122";"1";"2"
"673";"122";"2";"2"
"673";"122";"3";"2"
"674";"122";"1";"2"
"674";"122";"2";"2"
"674";"122";"3";"2"
"675";"122";"1";"2"
"675";"122";"2";"2"
"675";"122";"3";"2"
"676";"122";"1";"2"
"676";"122";"2";"2"
"676";"122";"3";"2"
"677";"122";"1";"2"
"677";"122";"2";"2"
"677";"122";"3";"2"
"678";"122";"1";"2"
"678";"122";"2";"2"
"678";"122";"3";"2"
"679";"122";"1";"2"
"679";"122";"2";"2"
"679";"122";"3";"2"
"680";"122";"1";"2"
"680";"122";"2";"2"
"680";"122";"3";"2"
"681";"122";"1";"2"
"681";"122";"2";"2"
"681";"122";"3";"2"
"682";"122";"1";"2"
"682";"122";"2";"2"
"682";"122";"3";"2"
"683";"122";"1";"2"
"683";"122";"2";"2"
"683";"122";"3";"2"
"684";"122";"1";"2"
"684";"122";"2";"2"
"684";"122";"3";"2"
"685";"122";"1";"2"
"685";"122";"2";"2"
"685";"122";"3";"2"
"686";"122";"1";"2"
"686";"122";"2";"2"
"686";"122";"3";"2"
"687";"122";"1";"2"
"687";"122";"2";"2"
"687";"122";"3";"2"
"688";"122";"1";"2"
"688";"122";"2";"2"
"688";"122";"3";"2"
"689";"122";"1";"2"
"689";"122";"2";"2"
"689";"122";"3";"2"
"690";"122";"1";"2"
"690";"122";"2";"2"
"690";"122";"3";"2"
"691";"122";"1";"2"
"691";"122";"2";"2"
"691";"122";"3";"2"
"692";"122";"1";"2"
"692";"122";"2";"2"
"692";"122";"3";"2"
"693";"122";"1";"2"
"693";"122";"2";"2"
"693";"122";"3";"2"
"694";"122";"1";"2"
"694";"122";"2";"2"
"694";"122";"3";"2"
"695";"122";"1";"2"
"695";"122";"2";"2"
"695";"122";"3";"2"
"696";"122";"1";"2"
"696";"122";"2";"2"
"696";"122";"3";"2"
"697";"122";"1";"2"
"697";"122";"2";"2"
"697";"122";"3";"2"
"698";"122";"1";"2"
"698";"122";"2";"2"
"698";"122";"3";"2"
"699";"122";"1";"2"
"699";"122";"2";"2"
"699";"122";"3";"2"
"700";"122";"1";"2"
"700";"122";"2";"2"
"700";"122";"3";"2"
"701";"122";"1";"2"
"701";"122";"2";"2"
"701";"122";"3";"2"
"702";"122";"1";"2"
"702";"122";"2";"2"
"702";"122";"3";"2"
"703";"122";"1";"2"
"703";"122";"2";"2"
"703";"122";"3";"2"
"704";"122";"1";"2"
"704";"122";"2";"2"
"704";"122";"3";"2"
"705";"122";"1";"2"
"705";"122";"2";"2"
"705";"122";"3";"2"
"706";"122";"1";"2"
"706";"122";"2";"2"
"706";"122";"3";"2"
"707";"122";"1";"2"
"707";"122";"2";"2"
"707";"122";"3";"2"
